,transaction_id,account_id,customer_age,account_type,transaction_date,transaction_type,channel,amount_usd,merchant_category,is_fraud_flagged,balance_after_txn_usd,balance_before_txn_usd,month,day
0,TXN_FIN_10000,ACC_0134,24,Savings,2024-09-16,Deposit,Mobile App,788.91,Travel,0,47578.64,46789.729999999996,Sep,Mon
1,TXN_FIN_10001,ACC_0135,47,Investment,2024-04-04,Transfer,Online Banking,102.45,Groceries,0,47621.97,47519.520000000004,Apr,Thu
2,TXN_FIN_10002,ACC_0170,18,Savings,2024-01-30,Withdrawal,Online Banking,108.72,Retail,0,18057.86,17949.14,Jan,Tue
3,TXN_FIN_10003,ACC_0089,72,Checking,2024-01-16,unknown,Mobile App,156.57,Retail,0,3878.63,3722.06,Jan,Tue
4,TXN_FIN_10004,ACC_0157,35,Savings,2024-04-28,Withdrawal,Mobile App,537.51,Retail,0,26920.71,26383.2,Apr,Sun
5,TXN_FIN_10005,ACC_0066,60,Checking,2024-09-28,Transfer,Online Banking,907.66,Entertainment,0,2108.52,1200.8600000000001,Sep,Sat
6,TXN_FIN_10006,ACC_0194,69,Checking,2024-08-05,Deposit,Mobile App,295.72,Groceries,0,43415.49,43119.77,Aug,Mon
7,TXN_FIN_10007,ACC_0141,44,Checking,2024-05-19,Payment,Online Banking,225.19,Groceries,0,2483.16,2257.97,May,Sun
8,TXN_FIN_10008,ACC_0004,34,Savings,2024-05-01,Deposit,ATM,1247.22,Groceries,0,18666.99,17419.77,May,Wed
9,TXN_FIN_10009,ACC_0172,66,Checking,2024-02-13,Withdrawal,ATM,202.0,Retail,0,22120.05,21918.05,Feb,Tue
10,TXN_FIN_10010,ACC_0133,40,Checking,2024-05-05,Transfer,Mobile App,1310.55,Groceries,0,43471.4,42160.85,May,Sun
11,TXN_FIN_10011,ACC_0123,60,Checking,2024-03-06,Transfer,ATM,1263.95,Groceries,0,41734.77,40470.82,Mar,Wed
12,TXN_FIN_10012,ACC_0042,49,Checking,2024-06-10,Withdrawal,Branch,469.05,Utilities,0,31993.41,31524.36,Jun,Mon
13,TXN_FIN_10013,ACC_0034,72,Savings,2024-02-18,Deposit,ATM,510.14,Retail,0,12709.18,12199.04,Feb,Sun
14,TXN_FIN_10014,ACC_0129,59,Savings,2024-03-05,Deposit,Mobile App,600.72,Travel,0,27161.07,26560.35,Mar,Tue
15,TXN_FIN_10015,ACC_0093,50,Checking,2024-08-18,Deposit,Online Banking,269.87,Groceries,0,5872.71,5602.84,Aug,Sun
16,TXN_FIN_10016,ACC_0004,62,Checking,2024-06-29,Withdrawal,Mobile App,1357.38,Groceries,1,9903.72,8546.34,Jun,Sat
17,TXN_FIN_10017,ACC_0098,41,Checking,2024-10-14,Withdrawal,ATM,761.41,Retail,0,39404.64,38643.229999999996,Oct,Mon
18,TXN_FIN_10018,ACC_0157,43,Checking,2024-10-09,Payment,ATM,820.17,Entertainment,0,48421.96,47601.79,Oct,Wed
19,TXN_FIN_10019,ACC_0013,53,Checking,2024-09-07,Withdrawal,Online Banking,397.48,Groceries,0,9686.63,9289.15,Sep,Sat
20,TXN_FIN_10020,ACC_0060,53,Checking,2024-10-30,Payment,Online Banking,245.01,Groceries,0,45362.85,45117.84,Oct,Wed
21,TXN_FIN_10021,ACC_0066,44,Credit Card,2024-10-29,Transfer,Mobile App,47.53,Travel,0,47830.57,47783.04,Oct,Tue
22,TXN_FIN_10022,ACC_0071,68,Credit Card,2024-12-19,Transfer,Mobile App,547.35,Utilities,1,43163.88,42616.53,Dec,Thu
23,TXN_FIN_10023,ACC_0051,69,Savings,2024-12-18,Withdrawal,Mobile App,332.04,Utilities,0,1856.52,1524.48,Dec,Wed
24,TXN_FIN_10024,ACC_0195,77,Checking,2024-05-21,Deposit,Mobile App,574.53,Entertainment,0,26619.37,26044.84,May,Tue
25,TXN_FIN_10025,ACC_0199,68,Savings,2024-12-27,Withdrawal,ATM,340.77,Travel,0,22486.59,22145.82,Dec,Fri
26,TXN_FIN_10026,ACC_0075,23,Credit Card,2024-10-27,Withdrawal,ATM,330.93,Utilities,0,23385.5,23054.57,Oct,Sun
27,TXN_FIN_10027,ACC_0123,64,Savings,2024-06-09,Payment,Online Banking,112.79,Travel,0,19952.52,19839.73,Jun,Sun
28,TXN_FIN_10028,ACC_0051,65,Savings,2024-12-31,Deposit,Mobile App,37.91,Entertainment,0,6058.15,6020.24,Dec,Tue
29,TXN_FIN_10029,ACC_0036,66,Savings,2024-07-20,Deposit,Mobile App,151.23,Groceries,0,5397.57,5246.34,Jul,Sat
30,TXN_FIN_10030,ACC_0182,73,Checking,2024-08-15,Deposit,Online Banking,45.89,Groceries,0,2308.1,2262.21,Aug,Thu
31,TXN_FIN_10031,ACC_0140,26,Checking,2024-09-16,Transfer,Mobile App,112.7,Groceries,0,14439.62,14326.92,Sep,Mon
32,TXN_FIN_10032,ACC_0040,39,Investment,2024-11-24,unknown,Mobile App,230.27,Retail,0,7552.76,7322.49,Nov,Sun
33,TXN_FIN_10033,ACC_0200,76,Savings,2024-07-26,Withdrawal,Mobile App,1766.02,Entertainment,0,20269.13,18503.11,Jul,Fri
34,TXN_FIN_10034,ACC_0108,21,Savings,2024-03-20,Withdrawal,Mobile App,960.75,Groceries,0,30313.05,29352.3,Mar,Wed
35,TXN_FIN_10035,ACC_0130,70,Savings,2024-01-16,Transfer,Mobile App,35.47,Groceries,0,12270.37,12234.900000000001,Jan,Tue
36,TXN_FIN_10036,ACC_0118,79,Savings,2024-02-06,Deposit,Online Banking,505.1,unknown,0,26041.3,25536.2,Feb,Tue
37,TXN_FIN_10037,ACC_0013,28,Checking,2024-04-24,Withdrawal,Mobile App,45.52,Travel,0,7110.52,7065.0,Apr,Wed
38,TXN_FIN_10038,ACC_0019,78,Credit Card,2024-02-14,Transfer,Mobile App,198.61,Groceries,0,46743.26,46544.65,Feb,Wed
39,TXN_FIN_10039,ACC_0082,75,Savings,2024-07-22,Withdrawal,Online Banking,685.48,Travel,0,30974.52,30289.04,Jul,Mon
40,TXN_FIN_10040,ACC_0060,47,Savings,2024-09-01,Deposit,ATM,563.62,Entertainment,0,17036.46,16472.84,Sep,Sun
41,TXN_FIN_10041,ACC_0097,52,Checking,2024-11-12,Deposit,ATM,696.63,Entertainment,0,11530.68,10834.050000000001,Nov,Tue
42,TXN_FIN_10042,ACC_0190,60,Checking,2024-11-07,Withdrawal,Branch,127.31,Retail,0,44030.15,43902.840000000004,Nov,Thu
43,TXN_FIN_10043,ACC_0049,37,Savings,2024-01-18,Deposit,ATM,642.71,unknown,0,37524.06,36881.35,Jan,Thu
44,TXN_FIN_10044,ACC_0081,54,Credit Card,2024-09-27,unknown,Mobile App,19.29,Groceries,0,10161.07,10141.779999999999,Sep,Fri
45,TXN_FIN_10045,ACC_0019,56,Investment,2024-01-26,Withdrawal,Mobile App,24.53,Groceries,0,46136.47,46111.94,Jan,Fri
46,TXN_FIN_10046,ACC_0117,77,Checking,2024-03-25,Deposit,Mobile App,11.46,Retail,0,44247.52,44236.06,Mar,Mon
47,TXN_FIN_10047,ACC_0129,28,Credit Card,2024-12-16,Deposit,Branch,31.39,Utilities,0,26775.59,26744.2,Dec,Mon
48,TXN_FIN_10048,ACC_0062,69,Checking,2024-10-06,Payment,ATM,976.79,Utilities,0,35067.7,34090.909999999996,Oct,Sun
49,TXN_FIN_10049,ACC_0164,40,Savings,2024-01-21,Withdrawal,Mobile App,80.09,Groceries,0,34356.69,34276.600000000006,Jan,Sun
50,TXN_FIN_10050,ACC_0176,68,Savings,2024-11-13,Transfer,Mobile App,876.41,Groceries,0,42784.84,41908.42999999999,Nov,Wed
51,TXN_FIN_10051,ACC_0193,74,Savings,2024-11-04,Deposit,Online Banking,506.82,Entertainment,0,6441.77,5934.950000000001,Nov,Mon
52,TXN_FIN_10052,ACC_0138,40,Investment,2024-04-28,Payment,Online Banking,509.96,Travel,0,3151.22,2641.2599999999998,Apr,Sun
53,TXN_FIN_10053,ACC_0143,44,Investment,2024-07-11,Payment,ATM,208.58,Retail,1,3134.03,2925.4500000000003,Jul,Thu
54,TXN_FIN_10054,ACC_0182,34,Savings,2024-03-14,Transfer,Mobile App,384.57,Travel,0,1934.85,1550.28,Mar,Thu
55,TXN_FIN_10055,ACC_0053,42,Investment,2024-10-15,Payment,Branch,354.47,Travel,0,43247.05,42892.58,Oct,Tue
56,TXN_FIN_10056,ACC_0061,30,Savings,2024-07-26,Withdrawal,Mobile App,543.64,Retail,0,23232.39,22688.75,Jul,Fri
57,TXN_FIN_10057,ACC_0101,50,Credit Card,2024-03-28,Transfer,Mobile App,147.16,Utilities,0,14927.15,14779.99,Mar,Thu
58,TXN_FIN_10058,ACC_0100,45,Credit Card,2024-05-10,Deposit,Mobile App,79.84,Retail,0,40284.26,40204.420000000006,May,Fri
59,TXN_FIN_10059,ACC_0106,37,Checking,2024-05-10,Withdrawal,Online Banking,392.7,Travel,0,43199.36,42806.66,May,Fri
60,TXN_FIN_10060,ACC_0024,64,Investment,2024-08-11,Deposit,Online Banking,2085.43,Groceries,0,5621.68,3536.2500000000005,Aug,Sun
61,TXN_FIN_10061,ACC_0150,79,Credit Card,2024-08-01,Withdrawal,Mobile App,783.2,Entertainment,0,5342.52,4559.320000000001,Aug,Thu
62,TXN_FIN_10062,ACC_0162,65,Checking,2024-12-11,Withdrawal,Branch,93.93,Groceries,0,1126.7,1032.77,Dec,Wed
63,TXN_FIN_10063,ACC_0087,75,Savings,2024-01-24,Payment,Branch,1781.48,Groceries,0,17928.55,16147.07,Jan,Wed
64,TXN_FIN_10064,ACC_0092,71,Checking,2024-09-24,Withdrawal,Online Banking,84.44,Utilities,0,14214.83,14130.39,Sep,Tue
65,TXN_FIN_10065,ACC_0028,42,Savings,2024-09-16,Deposit,Mobile App,176.19,Travel,0,17968.3,17792.11,Sep,Mon
66,TXN_FIN_10066,ACC_0184,36,Savings,2024-04-19,Withdrawal,Branch,1200.89,unknown,0,453.1,-747.7900000000001,Apr,Fri
67,TXN_FIN_10067,ACC_0163,50,Checking,2024-05-07,Withdrawal,Mobile App,1021.86,Entertainment,0,3253.31,2231.45,May,Tue
68,TXN_FIN_10068,ACC_0169,21,Savings,2024-11-13,Payment,Mobile App,198.2,Groceries,0,46887.13,46688.93,Nov,Wed
69,TXN_FIN_10069,ACC_0113,25,Savings,2024-07-18,Deposit,Branch,5.62,Groceries,0,22031.81,22026.190000000002,Jul,Thu
70,TXN_FIN_10070,ACC_0022,49,Investment,2024-02-08,Transfer,Mobile App,51.35,Entertainment,1,9594.46,9543.109999999999,Feb,Thu
71,TXN_FIN_10071,ACC_0094,56,Savings,2024-10-07,Transfer,Mobile App,323.97,Utilities,0,29110.26,28786.289999999997,Oct,Mon
72,TXN_FIN_10072,ACC_0165,67,Investment,2024-10-17,Deposit,ATM,527.12,Travel,0,32036.06,31508.940000000002,Oct,Thu
73,TXN_FIN_10073,ACC_0054,50,Investment,2024-09-02,Deposit,Mobile App,152.01,Groceries,0,37159.1,37007.09,Sep,Mon
74,TXN_FIN_10074,ACC_0140,57,Checking,2024-09-30,Withdrawal,Mobile App,55.78,Utilities,0,23372.17,23316.39,Sep,Mon
75,TXN_FIN_10075,ACC_0153,68,Savings,2024-04-09,Transfer,Branch,1249.21,Groceries,0,10396.92,9147.71,Apr,Tue
76,TXN_FIN_10076,ACC_0085,78,Checking,2024-07-20,Payment,ATM,181.19,Groceries,0,21133.49,20952.300000000003,Jul,Sat
77,TXN_FIN_10077,ACC_0063,70,Credit Card,2024-11-12,Deposit,Mobile App,779.93,Entertainment,0,30025.44,29245.51,Nov,Tue
78,TXN_FIN_10078,ACC_0149,54,Investment,2024-11-23,Withdrawal,Online Banking,874.2,Travel,0,40091.96,39217.76,Nov,Sat
79,TXN_FIN_10079,ACC_0095,75,Credit Card,2024-04-13,Withdrawal,Mobile App,1622.56,Retail,0,22616.75,20994.19,Apr,Sat
80,TXN_FIN_10080,ACC_0086,51,Investment,2024-04-26,Deposit,Branch,207.69,Groceries,0,1577.95,1370.26,Apr,Fri
81,TXN_FIN_10081,ACC_0109,60,Investment,2024-05-30,Withdrawal,ATM,182.69,Entertainment,0,36121.93,35939.24,May,Thu
82,TXN_FIN_10082,ACC_0076,66,Savings,2024-08-21,Transfer,Online Banking,961.83,Utilities,0,46517.63,45555.799999999996,Aug,Wed
83,TXN_FIN_10083,ACC_0184,32,Checking,2024-05-09,Deposit,Online Banking,79.4,unknown,1,44196.68,44117.28,May,Thu
84,TXN_FIN_10084,ACC_0140,31,Checking,2024-07-09,Withdrawal,Branch,761.94,unknown,0,6580.66,5818.719999999999,Jul,Tue
85,TXN_FIN_10085,ACC_0151,74,Savings,2024-12-24,Deposit,Online Banking,767.18,Groceries,0,38558.58,37791.4,Dec,Tue
86,TXN_FIN_10086,ACC_0158,36,Credit Card,2024-02-13,unknown,Online Banking,331.28,Travel,0,25324.49,24993.210000000003,Feb,Tue
87,TXN_FIN_10087,ACC_0054,73,Checking,2024-04-25,Transfer,Mobile App,51.31,Groceries,0,2489.19,2437.88,Apr,Thu
88,TXN_FIN_10088,ACC_0029,23,Savings,2024-01-14,Deposit,Mobile App,31.53,Utilities,0,27325.1,27293.57,Jan,Sun
89,TXN_FIN_10089,ACC_0088,40,Savings,2024-04-01,unknown,Online Banking,1172.09,Entertainment,0,35725.18,34553.090000000004,Apr,Mon
90,TXN_FIN_10090,ACC_0003,31,Checking,2024-07-11,Payment,Branch,1798.43,Utilities,0,6012.12,4213.69,Jul,Thu
91,TXN_FIN_10091,ACC_0029,28,Checking,2024-08-01,Payment,Mobile App,399.1,Groceries,0,34106.07,33706.97,Aug,Thu
92,TXN_FIN_10092,ACC_0127,28,Investment,2024-12-21,Deposit,Mobile App,521.36,Entertainment,0,3978.59,3457.23,Dec,Sat
93,TXN_FIN_10093,ACC_0051,38,Savings,2024-05-11,Withdrawal,Branch,356.34,Retail,0,31240.47,30884.13,May,Sat
94,TXN_FIN_10094,ACC_0024,65,Savings,2024-04-04,Withdrawal,Online Banking,192.19,Travel,0,44181.17,43988.979999999996,Apr,Thu
95,TXN_FIN_10095,ACC_0064,35,Credit Card,2024-08-24,Withdrawal,Online Banking,969.79,unknown,0,23694.86,22725.07,Aug,Sat
96,TXN_FIN_10096,ACC_0037,45,Checking,2024-09-08,Deposit,Mobile App,464.25,Entertainment,0,21848.1,21383.85,Sep,Sun
97,TXN_FIN_10097,ACC_0196,21,Savings,2024-04-24,Payment,Online Banking,266.59,Utilities,0,11786.31,11519.72,Apr,Wed
98,TXN_FIN_10098,ACC_0005,35,Savings,2024-01-18,Withdrawal,Mobile App,2233.62,Groceries,0,28036.56,25802.940000000002,Jan,Thu
99,TXN_FIN_10099,ACC_0188,22,Checking,2024-09-22,Withdrawal,Online Banking,426.0,Utilities,0,5890.87,5464.87,Sep,Sun
100,TXN_FIN_10100,ACC_0035,45,Checking,2024-06-12,Deposit,ATM,1126.35,Retail,0,47592.73,46466.380000000005,Jun,Wed
101,TXN_FIN_10101,ACC_0009,40,Savings,2024-04-03,Deposit,Mobile App,2105.67,Utilities,0,8626.99,6521.32,Apr,Wed
102,TXN_FIN_10102,ACC_0009,21,Credit Card,2024-12-02,Transfer,Mobile App,280.65,Utilities,0,12517.96,12237.31,Dec,Mon
103,TXN_FIN_10103,ACC_0183,59,Savings,2024-09-14,Withdrawal,ATM,468.79,Entertainment,0,5697.85,5229.06,Sep,Sat
104,TXN_FIN_10104,ACC_0095,62,Savings,2024-11-23,Withdrawal,Online Banking,88.68,Retail,0,17781.35,17692.67,Nov,Sat
105,TXN_FIN_10105,ACC_0061,35,Credit Card,2024-04-30,Payment,Mobile App,395.36,Travel,0,26050.06,25654.7,Apr,Tue
106,TXN_FIN_10106,ACC_0093,50,Checking,2024-04-09,Withdrawal,Mobile App,419.41,Groceries,0,33065.27,32645.859999999997,Apr,Tue
107,TXN_FIN_10107,ACC_0147,24,Investment,2024-08-31,Deposit,Mobile App,1076.7,Entertainment,0,48828.62,47751.920000000006,Aug,Sat
108,TXN_FIN_10108,ACC_0191,65,Credit Card,2024-10-21,Deposit,ATM,64.22,unknown,0,824.74,760.52,Oct,Mon
109,TXN_FIN_10109,ACC_0181,50,Credit Card,2024-04-25,Withdrawal,Branch,1110.17,Groceries,0,47634.82,46524.65,Apr,Thu
110,TXN_FIN_10110,ACC_0024,30,Investment,2024-07-15,Transfer,ATM,342.08,Entertainment,0,35846.92,35504.84,Jul,Mon
111,TXN_FIN_10111,ACC_0123,19,Savings,2024-11-02,Withdrawal,ATM,147.31,Retail,0,27415.87,27268.559999999998,Nov,Sat
112,TXN_FIN_10112,ACC_0100,23,Savings,2024-12-10,Deposit,Branch,12.83,Groceries,0,9560.57,9547.74,Dec,Tue
113,TXN_FIN_10113,ACC_0111,65,Checking,2024-06-08,Deposit,Mobile App,276.41,Entertainment,0,10604.78,10328.37,Jun,Sat
114,TXN_FIN_10114,ACC_0171,22,Savings,2024-06-02,Transfer,Online Banking,1646.48,Entertainment,0,32622.31,30975.83,Jun,Sun
115,TXN_FIN_10115,ACC_0146,63,Savings,2024-05-09,Payment,Mobile App,490.94,Retail,0,32002.01,31511.07,May,Thu
116,TXN_FIN_10116,ACC_0097,23,Checking,2024-09-22,Withdrawal,Branch,618.74,Entertainment,0,49833.73,49214.990000000005,Sep,Sun
117,TXN_FIN_10117,ACC_0101,28,Checking,2024-07-13,Withdrawal,Mobile App,61.77,Utilities,0,19507.09,19445.32,Jul,Sat
118,TXN_FIN_10118,ACC_0130,44,Savings,2024-08-19,Deposit,Mobile App,95.13,Retail,0,22490.86,22395.73,Aug,Mon
119,TXN_FIN_10119,ACC_0057,35,Savings,2024-12-14,Withdrawal,Mobile App,948.38,Utilities,0,39509.99,38561.61,Dec,Sat
120,TXN_FIN_10120,ACC_0155,23,Checking,2024-02-10,Transfer,Mobile App,466.17,Retail,0,22258.04,21791.870000000003,Feb,Sat
121,TXN_FIN_10121,ACC_0088,75,Checking,2024-01-30,Transfer,Mobile App,1242.41,Entertainment,0,6044.81,4802.400000000001,Jan,Tue
122,TXN_FIN_10122,ACC_0175,27,Credit Card,2024-11-22,Transfer,Mobile App,223.45,Travel,0,24972.07,24748.62,Nov,Fri
123,TXN_FIN_10123,ACC_0167,19,Savings,2024-01-22,Payment,Mobile App,467.25,Entertainment,0,7635.4,7168.15,Jan,Mon
124,TXN_FIN_10124,ACC_0169,71,Checking,2024-02-16,Withdrawal,Mobile App,16.19,Travel,0,13891.99,13875.8,Feb,Fri
125,TXN_FIN_10125,ACC_0174,34,Savings,2024-08-10,Deposit,Branch,484.8,Travel,0,35306.52,34821.719999999994,Aug,Sat
126,TXN_FIN_10126,ACC_0189,61,Investment,2024-02-15,Deposit,Mobile App,133.39,Retail,0,25717.55,25584.16,Feb,Thu
127,TXN_FIN_10127,ACC_0075,77,Savings,2024-10-28,Payment,Mobile App,141.74,Retail,0,20372.07,20230.329999999998,Oct,Mon
128,TXN_FIN_10128,ACC_0139,61,Savings,2024-10-31,Withdrawal,ATM,406.83,Groceries,0,44453.57,44046.74,Oct,Thu
129,TXN_FIN_10129,ACC_0142,34,Credit Card,2024-09-13,Payment,Online Banking,261.9,Retail,0,34796.61,34534.71,Sep,Fri
130,TXN_FIN_10130,ACC_0137,46,Savings,2024-11-14,Deposit,Online Banking,1069.1,Groceries,0,38471.44,37402.340000000004,Nov,Thu
131,TXN_FIN_10131,ACC_0038,63,Savings,2024-01-29,Deposit,Mobile App,149.72,Travel,0,16895.64,16745.92,Jan,Mon
132,TXN_FIN_10132,ACC_0111,31,Savings,2024-12-24,Transfer,ATM,198.24,Utilities,0,9620.56,9422.32,Dec,Tue
133,TXN_FIN_10133,ACC_0152,38,Checking,2024-02-12,Withdrawal,Mobile App,1468.14,Travel,0,12686.11,11217.970000000001,Feb,Mon
134,TXN_FIN_10134,ACC_0076,51,Savings,2024-10-20,Transfer,Online Banking,48.98,Groceries,0,2749.39,2700.41,Oct,Sun
135,TXN_FIN_10135,ACC_0200,40,Checking,2024-12-23,Withdrawal,Mobile App,236.31,Travel,0,9450.64,9214.33,Dec,Mon
136,TXN_FIN_10136,ACC_0018,37,Savings,2024-07-26,Payment,Mobile App,633.5,Travel,0,37827.66,37194.16,Jul,Fri
137,TXN_FIN_10137,ACC_0049,50,Investment,2024-10-01,Payment,Online Banking,380.45,Utilities,1,34645.88,34265.43,Oct,Tue
138,TXN_FIN_10138,ACC_0114,66,Savings,2024-07-04,Payment,ATM,141.55,Entertainment,0,17473.21,17331.66,Jul,Thu
139,TXN_FIN_10139,ACC_0086,29,Savings,2024-04-06,Withdrawal,Mobile App,1132.72,Utilities,0,47932.81,46800.09,Apr,Sat
140,TXN_FIN_10140,ACC_0117,59,Savings,2024-02-03,Transfer,Mobile App,696.94,Retail,0,32323.61,31626.670000000002,Feb,Sat
141,TXN_FIN_10141,ACC_0143,53,Credit Card,2024-01-01,Transfer,Online Banking,298.56,Utilities,0,2030.94,1732.38,Jan,Mon
142,TXN_FIN_10142,ACC_0181,37,Savings,2024-12-27,Transfer,Mobile App,562.98,Utilities,0,27031.25,26468.27,Dec,Fri
143,TXN_FIN_10143,ACC_0181,67,Savings,2024-10-08,Deposit,Mobile App,407.15,Travel,0,21092.67,20685.519999999997,Oct,Tue
144,TXN_FIN_10144,ACC_0112,26,Credit Card,2024-05-01,Withdrawal,Online Banking,107.34,Entertainment,0,21189.29,21081.95,May,Wed
145,TXN_FIN_10145,ACC_0040,52,Credit Card,2024-12-17,Deposit,ATM,653.84,Groceries,0,47992.16,47338.32000000001,Dec,Tue
146,TXN_FIN_10146,ACC_0066,47,Credit Card,2024-04-20,Transfer,ATM,556.57,Entertainment,0,11062.81,10506.24,Apr,Sat
147,TXN_FIN_10147,ACC_0054,36,Checking,2024-07-31,Withdrawal,Online Banking,589.4,Retail,0,12806.61,12217.210000000001,Jul,Wed
148,TXN_FIN_10148,ACC_0108,54,Savings,2024-02-18,Withdrawal,Branch,606.06,Travel,0,38688.66,38082.600000000006,Feb,Sun
149,TXN_FIN_10149,ACC_0159,18,Savings,2024-02-26,Withdrawal,Online Banking,30.84,Entertainment,0,13229.34,13198.5,Feb,Mon
150,TXN_FIN_10150,ACC_0144,54,Savings,2024-10-01,Payment,Mobile App,118.21,Groceries,0,22271.76,22153.55,Oct,Tue
151,TXN_FIN_10151,ACC_0187,65,Checking,2024-08-08,unknown,ATM,207.93,Entertainment,0,27200.83,26992.9,Aug,Thu
152,TXN_FIN_10152,ACC_0026,58,Credit Card,2024-04-02,Deposit,Online Banking,82.3,Retail,0,46978.88,46896.579999999994,Apr,Tue
153,TXN_FIN_10153,ACC_0060,51,Investment,2024-11-04,Deposit,Online Banking,906.83,Groceries,0,37024.84,36118.009999999995,Nov,Mon
154,TXN_FIN_10154,ACC_0183,26,Checking,2024-06-22,Deposit,Mobile App,121.61,Travel,0,5985.99,5864.38,Jun,Sat
155,TXN_FIN_10155,ACC_0192,65,Credit Card,2024-07-19,unknown,Online Banking,818.21,Entertainment,0,26101.12,25282.91,Jul,Fri
156,TXN_FIN_10156,ACC_0069,58,Savings,2024-04-15,Payment,Online Banking,1935.28,Entertainment,0,1537.91,-397.3699999999999,Apr,Mon
157,TXN_FIN_10157,ACC_0145,38,Savings,2024-02-08,Withdrawal,Mobile App,549.02,Entertainment,0,32862.06,32313.039999999997,Feb,Thu
158,TXN_FIN_10158,ACC_0058,27,Savings,2024-11-20,Deposit,Branch,270.35,unknown,0,38441.6,38171.25,Nov,Wed
159,TXN_FIN_10159,ACC_0013,56,Checking,2024-10-29,Deposit,ATM,2122.22,Groceries,0,46037.51,43915.29,Oct,Tue
160,TXN_FIN_10160,ACC_0024,64,Investment,2024-07-26,Deposit,Online Banking,563.31,Travel,0,41164.87,40601.560000000005,Jul,Fri
161,TXN_FIN_10161,ACC_0114,49,Credit Card,2024-03-02,Deposit,Mobile App,561.59,Utilities,0,1598.61,1037.02,Mar,Sat
162,TXN_FIN_10162,ACC_0124,72,Investment,2024-01-09,Transfer,Mobile App,604.17,Travel,0,31233.5,30629.33,Jan,Tue
163,TXN_FIN_10163,ACC_0095,47,Savings,2024-07-21,Transfer,Mobile App,347.55,Groceries,0,20393.61,20046.06,Jul,Sun
164,TXN_FIN_10164,ACC_0070,23,Investment,2024-08-23,Transfer,Mobile App,213.66,Utilities,0,29420.03,29206.37,Aug,Fri
165,TXN_FIN_10165,ACC_0139,55,Savings,2024-01-14,Deposit,Mobile App,160.59,Retail,0,6656.54,6495.95,Jan,Sun
166,TXN_FIN_10166,ACC_0093,47,Checking,2024-04-01,Payment,Mobile App,226.61,Travel,0,14578.46,14351.849999999999,Apr,Mon
167,TXN_FIN_10167,ACC_0149,51,Savings,2024-11-23,Deposit,Online Banking,1229.19,unknown,0,6333.24,5104.049999999999,Nov,Sat
168,TXN_FIN_10168,ACC_0157,71,Checking,2024-10-19,Withdrawal,Mobile App,587.17,Utilities,0,27362.44,26775.27,Oct,Sat
169,TXN_FIN_10169,ACC_0117,59,Savings,2024-09-16,Payment,Online Banking,1506.21,Utilities,0,45879.72,44373.51,Sep,Mon
170,TXN_FIN_10170,ACC_0142,63,Savings,2024-08-30,Transfer,Mobile App,263.86,Entertainment,0,24313.85,24049.989999999998,Aug,Fri
171,TXN_FIN_10171,ACC_0175,54,Savings,2024-02-09,Withdrawal,Online Banking,250.54,Utilities,0,3569.72,3319.18,Feb,Fri
172,TXN_FIN_10172,ACC_0156,55,Checking,2024-10-24,Payment,Mobile App,257.63,Travel,0,44500.8,44243.170000000006,Oct,Thu
173,TXN_FIN_10173,ACC_0041,38,Savings,2024-08-30,Payment,ATM,542.74,Utilities,0,34658.53,34115.79,Aug,Fri
174,TXN_FIN_10174,ACC_0082,38,Savings,2024-11-11,Withdrawal,Mobile App,1975.37,Groceries,0,13819.46,11844.09,Nov,Mon
175,TXN_FIN_10175,ACC_0045,79,Savings,2024-06-10,Deposit,Mobile App,696.07,Groceries,0,6934.63,6238.56,Jun,Mon
176,TXN_FIN_10176,ACC_0131,45,Savings,2024-06-27,Withdrawal,Mobile App,117.8,Travel,0,260.53,142.72999999999996,Jun,Thu
177,TXN_FIN_10177,ACC_0001,33,Savings,2024-07-06,Deposit,Mobile App,134.94,Entertainment,0,44413.23,44278.29,Jul,Sat
178,TXN_FIN_10178,ACC_0036,52,Checking,2024-03-29,Withdrawal,ATM,1559.19,Retail,0,19806.66,18247.47,Mar,Fri
179,TXN_FIN_10179,ACC_0025,64,Savings,2024-06-03,Deposit,Mobile App,114.96,Groceries,0,45843.77,45728.81,Jun,Mon
180,TXN_FIN_10180,ACC_0172,41,Investment,2024-03-02,Withdrawal,Branch,779.59,Utilities,0,36840.55,36060.96000000001,Mar,Sat
181,TXN_FIN_10181,ACC_0042,46,Savings,2024-01-18,Transfer,Mobile App,24.55,Entertainment,0,24987.18,24962.63,Jan,Thu
182,TXN_FIN_10182,ACC_0193,35,Checking,2024-03-01,Withdrawal,Mobile App,1306.08,Travel,0,25265.48,23959.4,Mar,Fri
183,TXN_FIN_10183,ACC_0131,79,Savings,2024-12-22,Deposit,Mobile App,682.5,Utilities,0,11237.34,10554.84,Dec,Sun
184,TXN_FIN_10184,ACC_0165,57,Credit Card,2024-08-29,Payment,Online Banking,328.62,Retail,0,23882.49,23553.870000000003,Aug,Thu
185,TXN_FIN_10185,ACC_0039,55,Savings,2024-03-16,unknown,Mobile App,224.16,Groceries,0,47433.61,47209.45,Mar,Sat
186,TXN_FIN_10186,ACC_0050,40,Savings,2024-07-11,Withdrawal,Mobile App,469.06,Groceries,0,42778.09,42309.03,Jul,Thu
187,TXN_FIN_10187,ACC_0163,45,Investment,2024-01-10,Withdrawal,Online Banking,1256.97,Utilities,0,20871.54,19614.57,Jan,Wed
188,TXN_FIN_10188,ACC_0013,64,Savings,2024-12-04,Deposit,Mobile App,19.79,Entertainment,0,8428.87,8409.08,Dec,Wed
189,TXN_FIN_10189,ACC_0033,59,Investment,2024-05-02,Withdrawal,ATM,205.73,Groceries,0,45466.18,45260.45,May,Thu
190,TXN_FIN_10190,ACC_0176,40,Investment,2024-10-09,Payment,ATM,179.35,Utilities,0,40702.36,40523.01,Oct,Wed
191,TXN_FIN_10191,ACC_0133,74,Credit Card,2024-12-01,Withdrawal,Mobile App,2140.3,Groceries,0,31246.71,29106.41,Dec,Sun
192,TXN_FIN_10192,ACC_0171,78,Savings,2024-01-10,Withdrawal,Mobile App,59.73,Travel,0,38251.36,38191.63,Jan,Wed
193,TXN_FIN_10193,ACC_0112,24,Checking,2024-12-20,Transfer,Online Banking,371.74,Entertainment,0,41029.57,40657.83,Dec,Fri
194,TXN_FIN_10194,ACC_0033,78,Credit Card,2024-04-17,Transfer,Online Banking,709.63,Travel,0,13277.33,12567.7,Apr,Wed
195,TXN_FIN_10195,ACC_0022,29,Credit Card,2024-07-06,Transfer,Mobile App,1083.56,Groceries,0,38596.44,37512.880000000005,Jul,Sat
196,TXN_FIN_10196,ACC_0015,36,Savings,2024-12-08,Deposit,Mobile App,237.86,Utilities,0,45181.0,44943.14,Dec,Sun
197,TXN_FIN_10197,ACC_0046,75,Savings,2024-02-27,Withdrawal,ATM,575.99,Utilities,0,31707.61,31131.62,Feb,Tue
198,TXN_FIN_10198,ACC_0056,28,Savings,2024-06-17,Withdrawal,Online Banking,398.64,Travel,0,9859.32,9460.68,Jun,Mon
199,TXN_FIN_10199,ACC_0024,63,Checking,2024-04-13,Withdrawal,Mobile App,724.0,Utilities,0,37334.74,36610.74,Apr,Sat
200,TXN_FIN_10200,ACC_0037,38,Checking,2024-04-02,Payment,Online Banking,243.68,Utilities,0,8217.28,7973.6,Apr,Tue
201,TXN_FIN_10201,ACC_0028,37,Savings,2024-03-30,Deposit,Mobile App,88.87,Retail,0,46949.69,46860.82,Mar,Sat
202,TXN_FIN_10202,ACC_0108,29,Checking,2024-03-04,Withdrawal,Mobile App,14.18,Utilities,0,21212.19,21198.01,Mar,Mon
203,TXN_FIN_10203,ACC_0071,49,Checking,2024-10-23,Transfer,Online Banking,677.67,Entertainment,0,26951.47,26273.800000000003,Oct,Wed
204,TXN_FIN_10204,ACC_0016,19,Checking,2024-12-16,Transfer,Mobile App,85.16,Entertainment,0,5475.93,5390.77,Dec,Mon
205,TXN_FIN_10205,ACC_0120,36,Credit Card,2024-05-17,Withdrawal,Online Banking,497.38,Travel,0,35504.72,35007.340000000004,May,Fri
206,TXN_FIN_10206,ACC_0054,20,Savings,2024-09-23,Withdrawal,Online Banking,1054.48,Travel,0,41750.07,40695.59,Sep,Mon
207,TXN_FIN_10207,ACC_0124,78,Savings,2024-01-05,Withdrawal,Mobile App,14.45,Entertainment,0,15481.36,15466.91,Jan,Fri
208,TXN_FIN_10208,ACC_0010,57,Checking,2024-06-08,unknown,Mobile App,94.2,Groceries,0,45387.67,45293.47,Jun,Sat
209,TXN_FIN_10209,ACC_0017,46,Savings,2024-02-04,Deposit,Branch,1151.96,Entertainment,1,14387.52,13235.560000000001,Feb,Sun
210,TXN_FIN_10210,ACC_0043,47,Savings,2024-08-01,Payment,Online Banking,1467.82,Entertainment,0,43136.84,41669.02,Aug,Thu
211,TXN_FIN_10211,ACC_0053,61,Savings,2024-08-19,Deposit,Branch,134.95,unknown,0,43850.15,43715.200000000004,Aug,Mon
212,TXN_FIN_10212,ACC_0156,61,Savings,2024-10-13,Withdrawal,Mobile App,219.57,Utilities,0,41832.49,41612.92,Oct,Sun
213,TXN_FIN_10213,ACC_0001,43,Checking,2024-12-30,Deposit,Branch,245.36,Retail,0,31862.24,31616.88,Dec,Mon
214,TXN_FIN_10214,ACC_0197,34,Savings,2024-01-07,Deposit,Mobile App,125.1,Travel,0,37871.63,37746.53,Jan,Sun
215,TXN_FIN_10215,ACC_0079,78,Savings,2024-06-30,Transfer,Online Banking,971.65,Groceries,0,3639.62,2667.97,Jun,Sun
216,TXN_FIN_10216,ACC_0047,40,Savings,2024-12-04,Withdrawal,ATM,293.43,Retail,0,40602.24,40308.81,Dec,Wed
217,TXN_FIN_10217,ACC_0011,72,Savings,2024-09-04,Deposit,Online Banking,883.55,unknown,0,12319.79,11436.240000000002,Sep,Wed
218,TXN_FIN_10218,ACC_0173,20,Savings,2024-01-24,Withdrawal,Online Banking,415.47,Travel,0,494.15,78.67999999999995,Jan,Wed
219,TXN_FIN_10219,ACC_0128,58,Savings,2024-01-22,Transfer,Mobile App,368.67,Utilities,0,23098.25,22729.58,Jan,Mon
220,TXN_FIN_10220,ACC_0191,20,Checking,2024-12-10,Withdrawal,ATM,504.97,Travel,1,21852.76,21347.789999999997,Dec,Tue
221,TXN_FIN_10221,ACC_0076,20,Savings,2024-06-09,Withdrawal,ATM,197.37,Groceries,0,30893.12,30695.75,Jun,Sun
222,TXN_FIN_10222,ACC_0061,63,Savings,2024-01-04,Transfer,Mobile App,666.3,Entertainment,0,26621.67,25955.37,Jan,Thu
223,TXN_FIN_10223,ACC_0119,76,Checking,2024-05-04,Deposit,Mobile App,237.23,Retail,0,21669.15,21431.920000000002,May,Sat
224,TXN_FIN_10224,ACC_0174,22,Checking,2024-04-08,Withdrawal,Branch,714.7,Groceries,0,30112.22,29397.52,Apr,Mon
225,TXN_FIN_10225,ACC_0130,78,Checking,2024-04-29,Transfer,Online Banking,308.1,Groceries,0,42632.58,42324.48,Apr,Mon
226,TXN_FIN_10226,ACC_0129,24,Savings,2024-07-03,Transfer,Mobile App,480.37,Retail,0,17680.94,17200.57,Jul,Wed
227,TXN_FIN_10227,ACC_0040,50,Savings,2024-11-14,Payment,Online Banking,119.53,unknown,0,34666.8,34547.270000000004,Nov,Thu
228,TXN_FIN_10228,ACC_0096,68,Checking,2024-11-02,Deposit,ATM,157.91,Groceries,0,49999.78,49841.869999999995,Nov,Sat
229,TXN_FIN_10229,ACC_0069,72,Investment,2024-07-03,Withdrawal,Mobile App,494.57,Utilities,0,7297.73,6803.16,Jul,Wed
230,TXN_FIN_10230,ACC_0010,51,Savings,2024-04-27,Deposit,Online Banking,525.89,Utilities,0,32395.43,31869.54,Apr,Sat
231,TXN_FIN_10231,ACC_0161,36,Savings,2024-08-09,Withdrawal,Online Banking,865.89,Groceries,0,29060.25,28194.36,Aug,Fri
232,TXN_FIN_10232,ACC_0108,27,Savings,2024-04-25,Deposit,Online Banking,102.34,Travel,0,15179.82,15077.48,Apr,Thu
233,TXN_FIN_10233,ACC_0166,33,Savings,2024-12-17,Withdrawal,Branch,1906.44,unknown,0,20249.07,18342.63,Dec,Tue
234,TXN_FIN_10234,ACC_0153,76,Savings,2024-08-27,Withdrawal,ATM,274.1,Entertainment,0,9534.41,9260.31,Aug,Tue
235,TXN_FIN_10235,ACC_0047,43,Checking,2024-10-08,Deposit,Online Banking,169.87,Travel,0,26225.54,26055.670000000002,Oct,Tue
236,TXN_FIN_10236,ACC_0107,62,Investment,2024-12-20,Deposit,Online Banking,633.45,Groceries,0,27151.84,26518.39,Dec,Fri
237,TXN_FIN_10237,ACC_0132,58,Credit Card,2024-07-23,Deposit,Mobile App,532.39,Utilities,0,7353.43,6821.04,Jul,Tue
238,TXN_FIN_10238,ACC_0018,18,Credit Card,2024-06-28,Transfer,ATM,787.77,Entertainment,0,36637.95,35850.18,Jun,Fri
239,TXN_FIN_10239,ACC_0160,75,Savings,2024-12-25,Deposit,Online Banking,579.52,Entertainment,0,41303.16,40723.64000000001,Dec,Wed
240,TXN_FIN_10240,ACC_0019,68,Savings,2024-02-06,Payment,Online Banking,1849.6,Groceries,0,44117.91,42268.310000000005,Feb,Tue
241,TXN_FIN_10241,ACC_0188,70,Checking,2024-10-14,Payment,Branch,430.75,unknown,0,31531.85,31101.1,Oct,Mon
242,TXN_FIN_10242,ACC_0107,21,Checking,2024-03-07,Deposit,Mobile App,94.55,Utilities,0,47355.87,47261.32,Mar,Thu
243,TXN_FIN_10243,ACC_0023,35,Checking,2024-11-29,Payment,Mobile App,1096.23,Entertainment,0,1442.82,346.5899999999999,Nov,Fri
244,TXN_FIN_10244,ACC_0003,67,Checking,2024-10-03,Payment,Online Banking,676.68,Groceries,0,32336.16,31659.48,Oct,Thu
245,TXN_FIN_10245,ACC_0023,30,Checking,2024-06-30,Transfer,Mobile App,844.02,Entertainment,0,22499.65,21655.63,Jun,Sun
246,TXN_FIN_10246,ACC_0015,73,Credit Card,2024-04-24,Deposit,Mobile App,499.35,Utilities,0,15598.86,15099.51,Apr,Wed
247,TXN_FIN_10247,ACC_0004,64,Savings,2024-11-17,Deposit,Online Banking,14.47,Entertainment,0,14327.3,14312.83,Nov,Sun
248,TXN_FIN_10248,ACC_0027,56,Checking,2024-11-30,Withdrawal,ATM,8.26,Groceries,0,12402.28,12394.02,Nov,Sat
249,TXN_FIN_10249,ACC_0119,48,Credit Card,2024-06-07,Withdrawal,Online Banking,604.85,Utilities,0,37054.29,36449.44,Jun,Fri
250,TXN_FIN_10250,ACC_0039,41,Investment,2024-03-29,Transfer,ATM,186.26,Groceries,0,26702.8,26516.54,Mar,Fri
251,TXN_FIN_10251,ACC_0106,59,Checking,2024-09-20,Deposit,Branch,10.47,Entertainment,0,3327.51,3317.0400000000004,Sep,Fri
252,TXN_FIN_10252,ACC_0043,36,Savings,2024-10-21,Transfer,Online Banking,882.94,Groceries,0,17236.4,16353.460000000001,Oct,Mon
253,TXN_FIN_10253,ACC_0100,65,Savings,2024-06-06,Withdrawal,Online Banking,495.29,Retail,0,23351.76,22856.469999999998,Jun,Thu
254,TXN_FIN_10254,ACC_0031,40,Savings,2024-05-20,Withdrawal,Branch,1063.66,Retail,0,13203.59,12139.93,May,Mon
255,TXN_FIN_10255,ACC_0131,72,Savings,2024-11-06,Transfer,Online Banking,373.87,Utilities,0,23942.93,23569.06,Nov,Wed
256,TXN_FIN_10256,ACC_0019,42,Credit Card,2024-06-19,Transfer,Mobile App,204.53,Retail,0,30491.1,30286.57,Jun,Wed
257,TXN_FIN_10257,ACC_0034,42,Checking,2024-10-31,Deposit,Mobile App,409.97,Entertainment,0,4607.56,4197.59,Oct,Thu
258,TXN_FIN_10258,ACC_0168,68,Savings,2024-10-08,Transfer,Mobile App,325.19,Entertainment,0,15948.71,15623.519999999999,Oct,Tue
259,TXN_FIN_10259,ACC_0046,33,Savings,2024-05-08,Withdrawal,Online Banking,189.12,Travel,0,37408.56,37219.439999999995,May,Wed
260,TXN_FIN_10260,ACC_0090,61,Savings,2024-06-16,Payment,Branch,584.47,Utilities,0,7352.5,6768.03,Jun,Sun
261,TXN_FIN_10261,ACC_0002,49,Savings,2024-12-12,Withdrawal,Online Banking,223.08,unknown,0,24723.45,24500.37,Dec,Thu
262,TXN_FIN_10262,ACC_0125,31,Checking,2024-10-20,Deposit,Online Banking,1104.31,unknown,0,12374.57,11270.26,Oct,Sun
263,TXN_FIN_10263,ACC_0058,63,Savings,2024-05-25,Deposit,Mobile App,985.28,Entertainment,0,183.54,-801.74,May,Sat
264,TXN_FIN_10264,ACC_0125,68,Savings,2024-11-03,Deposit,Mobile App,15.74,Travel,0,35394.4,35378.66,Nov,Sun
265,TXN_FIN_10265,ACC_0125,71,Savings,2024-05-23,Deposit,Mobile App,295.97,Utilities,0,46242.78,45946.81,May,Thu
266,TXN_FIN_10266,ACC_0066,70,Savings,2024-06-06,Withdrawal,Branch,1226.67,Entertainment,0,45297.81,44071.14,Jun,Thu
267,TXN_FIN_10267,ACC_0042,76,Investment,2024-02-25,Deposit,Mobile App,1184.31,Entertainment,0,6175.0,4990.6900000000005,Feb,Sun
268,TXN_FIN_10268,ACC_0065,39,Credit Card,2024-09-26,Deposit,Mobile App,591.88,Utilities,0,7357.27,6765.39,Sep,Thu
269,TXN_FIN_10269,ACC_0135,57,Checking,2024-01-09,Payment,Online Banking,282.5,Retail,0,29632.29,29349.79,Jan,Tue
270,TXN_FIN_10270,ACC_0146,52,Checking,2024-02-12,Transfer,Mobile App,4.34,Groceries,0,45117.08,45112.740000000005,Feb,Mon
271,TXN_FIN_10271,ACC_0191,47,Savings,2024-01-08,Deposit,Mobile App,55.9,Groceries,0,13896.31,13840.41,Jan,Mon
272,TXN_FIN_10272,ACC_0018,70,Savings,2024-11-03,unknown,Mobile App,315.38,Groceries,0,17354.0,17038.62,Nov,Sun
273,TXN_FIN_10273,ACC_0199,74,Savings,2024-07-30,Withdrawal,Online Banking,23.48,Utilities,0,15314.38,15290.9,Jul,Tue
274,TXN_FIN_10274,ACC_0105,36,Credit Card,2024-01-11,Withdrawal,Mobile App,1278.0,Travel,0,20866.02,19588.02,Jan,Thu
275,TXN_FIN_10275,ACC_0134,71,Checking,2024-08-08,Payment,Online Banking,1264.88,Entertainment,0,47081.68,45816.8,Aug,Thu
276,TXN_FIN_10276,ACC_0047,32,Investment,2024-04-20,Payment,Mobile App,993.59,Retail,0,39055.69,38062.100000000006,Apr,Sat
277,TXN_FIN_10277,ACC_0104,24,Checking,2024-07-07,Deposit,ATM,729.44,Entertainment,0,12432.64,11703.199999999999,Jul,Sun
278,TXN_FIN_10278,ACC_0015,20,Credit Card,2024-06-09,Deposit,Mobile App,620.13,Travel,1,17915.71,17295.579999999998,Jun,Sun
279,TXN_FIN_10279,ACC_0052,33,Savings,2024-09-18,Deposit,Branch,915.35,Entertainment,0,19891.04,18975.690000000002,Sep,Wed
280,TXN_FIN_10280,ACC_0180,64,Checking,2024-05-18,Withdrawal,Mobile App,1017.35,unknown,0,7435.14,6417.79,May,Sat
281,TXN_FIN_10281,ACC_0012,45,Checking,2024-09-09,Deposit,Online Banking,216.21,Entertainment,0,42120.16,41903.950000000004,Sep,Mon
282,TXN_FIN_10282,ACC_0141,78,Investment,2024-12-26,Deposit,Branch,812.76,Travel,0,42625.94,41813.18,Dec,Thu
283,TXN_FIN_10283,ACC_0119,21,Credit Card,2024-05-22,Withdrawal,Mobile App,118.43,Retail,0,1111.89,993.46,May,Wed
284,TXN_FIN_10284,ACC_0093,49,Investment,2024-01-10,Withdrawal,Online Banking,290.79,Groceries,0,31523.61,31232.82,Jan,Wed
285,TXN_FIN_10285,ACC_0003,72,Credit Card,2024-02-29,Transfer,Mobile App,216.61,Entertainment,0,22606.27,22389.66,Feb,Thu
286,TXN_FIN_10286,ACC_0160,29,Checking,2024-09-19,Transfer,Branch,60.45,Groceries,0,37945.78,37885.33,Sep,Thu
287,TXN_FIN_10287,ACC_0158,18,Investment,2024-05-22,Withdrawal,Mobile App,504.41,Utilities,0,42930.09,42425.67999999999,May,Wed
288,TXN_FIN_10288,ACC_0096,46,Checking,2024-08-01,Withdrawal,Online Banking,688.88,unknown,0,48311.76,47622.880000000005,Aug,Thu
289,TXN_FIN_10289,ACC_0093,33,Savings,2024-08-26,Deposit,Mobile App,123.33,Groceries,0,8796.12,8672.79,Aug,Mon
290,TXN_FIN_10290,ACC_0004,28,Savings,2024-02-27,Transfer,Online Banking,166.11,Retail,0,24454.45,24288.34,Feb,Tue
291,TXN_FIN_10291,ACC_0017,66,Credit Card,2024-11-26,Payment,Online Banking,312.44,Utilities,0,25373.0,25060.56,Nov,Tue
292,TXN_FIN_10292,ACC_0035,35,Savings,2024-03-11,Payment,Mobile App,998.08,Utilities,0,31923.86,30925.78,Mar,Mon
293,TXN_FIN_10293,ACC_0005,71,Savings,2024-10-11,Withdrawal,ATM,112.62,Utilities,0,37943.57,37830.95,Oct,Fri
294,TXN_FIN_10294,ACC_0086,66,Checking,2024-12-02,Deposit,ATM,1365.99,Groceries,0,33599.78,32233.789999999997,Dec,Mon
295,TXN_FIN_10295,ACC_0055,76,Savings,2024-11-29,Deposit,Mobile App,176.38,Retail,0,14585.95,14409.570000000002,Nov,Fri
296,TXN_FIN_10296,ACC_0187,53,Credit Card,2024-11-06,Deposit,Online Banking,153.38,Travel,0,19676.71,19523.329999999998,Nov,Wed
297,TXN_FIN_10297,ACC_0123,75,Investment,2024-04-24,Transfer,ATM,97.04,Utilities,0,38511.17,38414.13,Apr,Wed
298,TXN_FIN_10298,ACC_0069,32,Investment,2024-11-08,Deposit,Online Banking,516.91,Groceries,0,4124.02,3607.1100000000006,Nov,Fri
299,TXN_FIN_10299,ACC_0133,38,Savings,2024-03-01,Deposit,Online Banking,55.21,Groceries,0,14210.42,14155.210000000001,Mar,Fri
300,TXN_FIN_10300,ACC_0114,19,Savings,2024-06-02,Deposit,Mobile App,96.24,Utilities,0,3698.97,3602.73,Jun,Sun
301,TXN_FIN_10301,ACC_0133,58,Credit Card,2024-10-03,Withdrawal,Mobile App,7.13,Entertainment,0,17644.41,17637.28,Oct,Thu
302,TXN_FIN_10302,ACC_0061,68,Savings,2024-09-04,Payment,Online Banking,291.24,Travel,0,26871.38,26580.14,Sep,Wed
303,TXN_FIN_10303,ACC_0033,56,Savings,2024-11-24,Withdrawal,Mobile App,805.09,Entertainment,0,21830.36,21025.27,Nov,Sun
304,TXN_FIN_10304,ACC_0007,42,Savings,2024-02-10,Deposit,Mobile App,888.26,Utilities,0,44035.49,43147.229999999996,Feb,Sat
305,TXN_FIN_10305,ACC_0155,44,Savings,2024-03-24,Deposit,Mobile App,643.14,Travel,0,27109.81,26466.670000000002,Mar,Sun
306,TXN_FIN_10306,ACC_0142,62,Savings,2024-08-01,Deposit,Online Banking,1138.12,unknown,0,19837.36,18699.24,Aug,Thu
307,TXN_FIN_10307,ACC_0159,51,Savings,2024-08-27,Deposit,Branch,1476.3,Entertainment,0,3423.8,1947.5000000000002,Aug,Tue
308,TXN_FIN_10308,ACC_0164,49,Credit Card,2024-10-28,unknown,Branch,853.87,Utilities,0,46443.07,45589.2,Oct,Mon
309,TXN_FIN_10309,ACC_0103,40,Investment,2024-10-03,Transfer,ATM,437.81,Entertainment,0,35785.17,35347.36,Oct,Thu
310,TXN_FIN_10310,ACC_0160,23,Savings,2024-05-22,Withdrawal,ATM,188.01,Groceries,0,37041.65,36853.64,May,Wed
311,TXN_FIN_10311,ACC_0158,70,Savings,2024-01-27,Withdrawal,Mobile App,886.5,Groceries,0,41829.03,40942.53,Jan,Sat
312,TXN_FIN_10312,ACC_0089,45,Savings,2024-04-20,Payment,Online Banking,703.61,unknown,0,31264.55,30560.94,Apr,Sat
313,TXN_FIN_10313,ACC_0107,62,Investment,2024-08-07,Payment,Mobile App,605.85,Entertainment,0,49442.27,48836.42,Aug,Wed
314,TXN_FIN_10314,ACC_0174,67,Credit Card,2024-02-06,Deposit,Online Banking,367.75,Groceries,0,5378.67,5010.92,Feb,Tue
315,TXN_FIN_10315,ACC_0196,62,Savings,2024-02-23,Transfer,Online Banking,215.38,Entertainment,0,7646.12,7430.74,Feb,Fri
316,TXN_FIN_10316,ACC_0089,35,Savings,2024-07-04,Deposit,Mobile App,55.04,Groceries,0,42220.37,42165.33,Jul,Thu
317,TXN_FIN_10317,ACC_0082,47,Investment,2024-05-10,Transfer,Mobile App,179.07,Travel,0,8112.77,7933.700000000001,May,Fri
318,TXN_FIN_10318,ACC_0060,64,Checking,2024-08-11,Deposit,ATM,105.8,Travel,0,7436.87,7331.07,Aug,Sun
319,TXN_FIN_10319,ACC_0086,59,Investment,2024-05-20,Transfer,ATM,543.22,Travel,0,37889.63,37346.409999999996,May,Mon
320,TXN_FIN_10320,ACC_0016,26,Savings,2024-03-15,Withdrawal,ATM,536.86,Travel,0,12809.28,12272.42,Mar,Fri
321,TXN_FIN_10321,ACC_0145,40,Savings,2024-09-26,Payment,Branch,1854.7,unknown,0,15152.23,13297.529999999999,Sep,Thu
322,TXN_FIN_10322,ACC_0170,36,Checking,2024-06-11,Withdrawal,Branch,68.57,Retail,0,43392.17,43323.6,Jun,Tue
323,TXN_FIN_10323,ACC_0038,56,Savings,2024-09-20,Deposit,Online Banking,3205.38,Utilities,0,10190.84,6985.46,Sep,Fri
324,TXN_FIN_10324,ACC_0141,19,Savings,2024-09-14,Withdrawal,Online Banking,408.27,Groceries,0,37558.98,37150.71000000001,Sep,Sat
325,TXN_FIN_10325,ACC_0038,66,Credit Card,2024-01-07,Deposit,Mobile App,902.37,Utilities,0,41111.66,40209.29,Jan,Sun
326,TXN_FIN_10326,ACC_0043,47,Checking,2024-12-12,Transfer,Online Banking,184.54,Travel,0,48551.9,48367.36,Dec,Thu
327,TXN_FIN_10327,ACC_0199,39,Credit Card,2024-09-17,Deposit,ATM,1444.65,Retail,0,15377.63,13932.98,Sep,Tue
328,TXN_FIN_10328,ACC_0017,18,Checking,2024-07-03,Transfer,Branch,283.56,unknown,0,39945.25,39661.69,Jul,Wed
329,TXN_FIN_10329,ACC_0142,18,Investment,2024-10-21,Deposit,Mobile App,281.7,Groceries,0,46358.79,46077.090000000004,Oct,Mon
330,TXN_FIN_10330,ACC_0027,39,Credit Card,2024-09-16,Withdrawal,ATM,185.79,Entertainment,0,4799.5,4613.71,Sep,Mon
331,TXN_FIN_10331,ACC_0165,47,Savings,2024-11-06,Payment,ATM,1783.03,unknown,0,28165.6,26382.57,Nov,Wed
332,TXN_FIN_10332,ACC_0019,32,Checking,2024-01-02,Withdrawal,Online Banking,880.97,Utilities,0,36712.58,35831.61,Jan,Tue
333,TXN_FIN_10333,ACC_0152,34,Credit Card,2024-01-27,unknown,Online Banking,391.47,Entertainment,1,12726.17,12334.7,Jan,Sat
334,TXN_FIN_10334,ACC_0142,21,Credit Card,2024-06-07,Transfer,Mobile App,678.66,Retail,0,10171.84,9493.18,Jun,Fri
335,TXN_FIN_10335,ACC_0092,24,Investment,2024-11-11,Payment,Mobile App,178.74,Entertainment,0,11508.94,11330.2,Nov,Mon
336,TXN_FIN_10336,ACC_0037,45,Checking,2024-05-08,Deposit,ATM,608.71,Groceries,0,5965.07,5356.36,May,Wed
337,TXN_FIN_10337,ACC_0091,55,Savings,2024-01-28,Deposit,Mobile App,30.73,Retail,0,15817.75,15787.02,Jan,Sun
338,TXN_FIN_10338,ACC_0066,79,Checking,2024-02-05,Deposit,ATM,44.68,Retail,0,5397.09,5352.41,Feb,Mon
339,TXN_FIN_10339,ACC_0013,45,Savings,2024-11-08,Transfer,Mobile App,278.85,Retail,0,4916.33,4637.48,Nov,Fri
340,TXN_FIN_10340,ACC_0154,55,Savings,2024-07-15,Payment,Online Banking,616.63,unknown,0,13502.52,12885.890000000001,Jul,Mon
341,TXN_FIN_10341,ACC_0175,67,Checking,2024-08-26,Payment,ATM,531.87,Entertainment,0,14625.1,14093.23,Aug,Mon
342,TXN_FIN_10342,ACC_0105,34,Checking,2024-09-12,Payment,Branch,419.25,Groceries,0,28652.1,28232.85,Sep,Thu
343,TXN_FIN_10343,ACC_0132,28,Checking,2024-11-09,Withdrawal,Mobile App,598.93,Utilities,0,38782.2,38183.27,Nov,Sat
344,TXN_FIN_10344,ACC_0062,68,Checking,2024-05-16,Deposit,Mobile App,983.93,Retail,0,35935.82,34951.89,May,Thu
345,TXN_FIN_10345,ACC_0010,40,Checking,2024-08-12,Deposit,Online Banking,1088.96,Retail,0,31114.29,30025.33,Aug,Mon
346,TXN_FIN_10346,ACC_0003,72,Checking,2024-01-12,Withdrawal,ATM,19.91,Travel,0,48640.18,48620.27,Jan,Fri
347,TXN_FIN_10347,ACC_0084,40,Checking,2024-05-07,Withdrawal,Mobile App,443.72,Utilities,0,4051.85,3608.13,May,Tue
348,TXN_FIN_10348,ACC_0167,24,Savings,2024-04-22,Withdrawal,Mobile App,429.68,Retail,0,25987.82,25558.14,Apr,Mon
349,TXN_FIN_10349,ACC_0135,30,Checking,2024-07-28,Withdrawal,Branch,67.25,Retail,0,34156.59,34089.34,Jul,Sun
350,TXN_FIN_10350,ACC_0087,62,Savings,2024-02-06,Deposit,Mobile App,123.37,Groceries,0,8751.53,8628.16,Feb,Tue
351,TXN_FIN_10351,ACC_0102,19,Savings,2024-09-29,Deposit,Mobile App,618.85,Entertainment,0,13050.62,12431.77,Sep,Sun
352,TXN_FIN_10352,ACC_0130,77,Savings,2024-08-28,Payment,Mobile App,467.97,Entertainment,0,15077.76,14609.79,Aug,Wed
353,TXN_FIN_10353,ACC_0076,58,Checking,2024-07-10,Withdrawal,Online Banking,598.98,Groceries,0,46587.21,45988.229999999996,Jul,Wed
354,TXN_FIN_10354,ACC_0180,79,Credit Card,2024-11-21,Deposit,Online Banking,465.78,Travel,0,2675.95,2210.17,Nov,Thu
355,TXN_FIN_10355,ACC_0016,64,Investment,2024-01-24,Withdrawal,Mobile App,946.19,Groceries,0,22225.39,21279.2,Jan,Wed
356,TXN_FIN_10356,ACC_0135,35,Checking,2024-09-20,Withdrawal,Online Banking,633.34,Utilities,0,32795.54,32162.2,Sep,Fri
357,TXN_FIN_10357,ACC_0178,38,Checking,2024-05-12,Transfer,ATM,55.17,Utilities,0,6218.79,6163.62,May,Sun
358,TXN_FIN_10358,ACC_0149,33,Credit Card,2024-06-09,Withdrawal,ATM,31.36,unknown,0,14332.92,14301.56,Jun,Sun
359,TXN_FIN_10359,ACC_0016,78,Investment,2024-05-11,Withdrawal,ATM,217.63,Entertainment,0,22403.68,22186.05,May,Sat
360,TXN_FIN_10360,ACC_0021,29,Checking,2024-11-07,Deposit,Mobile App,21.67,Travel,1,39779.33,39757.66,Nov,Thu
361,TXN_FIN_10361,ACC_0200,67,Savings,2024-06-06,Deposit,Mobile App,275.17,Entertainment,0,23109.05,22833.88,Jun,Thu
362,TXN_FIN_10362,ACC_0014,32,Checking,2024-07-20,Withdrawal,ATM,146.99,Retail,0,28817.13,28670.14,Jul,Sat
363,TXN_FIN_10363,ACC_0100,28,Checking,2024-09-18,unknown,Mobile App,225.32,Groceries,0,7837.08,7611.76,Sep,Wed
364,TXN_FIN_10364,ACC_0122,57,Savings,2024-05-07,Withdrawal,Mobile App,160.34,Groceries,0,46161.94,46001.600000000006,May,Tue
365,TXN_FIN_10365,ACC_0190,27,Savings,2024-07-20,Withdrawal,Mobile App,7.13,Utilities,0,742.47,735.34,Jul,Sat
366,TXN_FIN_10366,ACC_0112,18,Checking,2024-06-22,Deposit,Online Banking,31.43,Utilities,0,46325.84,46294.409999999996,Jun,Sat
367,TXN_FIN_10367,ACC_0110,34,Checking,2024-09-03,Withdrawal,Online Banking,376.2,Groceries,0,45540.43,45164.23,Sep,Tue
368,TXN_FIN_10368,ACC_0023,37,Credit Card,2024-09-01,Deposit,Mobile App,8.97,Travel,0,8423.57,8414.6,Sep,Sun
369,TXN_FIN_10369,ACC_0070,40,Credit Card,2024-07-13,Payment,Branch,225.42,Utilities,0,1425.79,1200.37,Jul,Sat
370,TXN_FIN_10370,ACC_0142,25,Savings,2024-04-24,Deposit,Mobile App,525.39,Groceries,0,45693.81,45168.42,Apr,Wed
371,TXN_FIN_10371,ACC_0016,47,Checking,2024-09-17,Deposit,Mobile App,41.39,Travel,0,14582.16,14540.77,Sep,Tue
372,TXN_FIN_10372,ACC_0171,79,Savings,2024-03-09,Transfer,Mobile App,51.76,Entertainment,0,39681.64,39629.88,Mar,Sat
373,TXN_FIN_10373,ACC_0163,20,Savings,2024-08-27,Withdrawal,Online Banking,81.39,Retail,0,19531.39,19450.0,Aug,Tue
374,TXN_FIN_10374,ACC_0104,67,Credit Card,2024-10-15,Transfer,Online Banking,27.2,Travel,0,49918.61,49891.41,Oct,Tue
375,TXN_FIN_10375,ACC_0196,28,Savings,2024-01-26,Payment,Online Banking,2.82,Retail,0,27416.41,27413.59,Jan,Fri
376,TXN_FIN_10376,ACC_0127,30,Checking,2024-05-14,Deposit,Online Banking,394.18,Travel,0,27534.91,27140.73,May,Tue
377,TXN_FIN_10377,ACC_0040,78,Savings,2024-10-31,Deposit,Online Banking,199.43,Entertainment,0,42544.07,42344.64,Oct,Thu
378,TXN_FIN_10378,ACC_0057,53,Checking,2024-09-17,unknown,Mobile App,1029.44,Entertainment,0,22035.19,21005.75,Sep,Tue
379,TXN_FIN_10379,ACC_0010,37,Savings,2024-10-27,Transfer,Online Banking,532.49,Entertainment,0,10650.56,10118.07,Oct,Sun
380,TXN_FIN_10380,ACC_0053,48,Checking,2024-10-30,Deposit,ATM,389.42,Travel,0,6828.76,6439.34,Oct,Wed
381,TXN_FIN_10381,ACC_0126,34,Credit Card,2024-03-09,Payment,Online Banking,333.21,Groceries,0,49621.96,49288.75,Mar,Sat
382,TXN_FIN_10382,ACC_0193,43,Checking,2024-10-30,unknown,Mobile App,1076.05,Groceries,0,39934.24,38858.189999999995,Oct,Wed
383,TXN_FIN_10383,ACC_0093,33,Checking,2024-09-18,Deposit,Mobile App,902.82,Entertainment,0,17206.14,16303.32,Sep,Wed
384,TXN_FIN_10384,ACC_0159,50,Savings,2024-07-09,Deposit,Mobile App,184.49,Groceries,0,33934.05,33749.560000000005,Jul,Tue
385,TXN_FIN_10385,ACC_0037,45,Credit Card,2024-07-30,unknown,ATM,366.67,Groceries,0,44783.95,44417.28,Jul,Tue
386,TXN_FIN_10386,ACC_0102,45,Checking,2024-12-19,Transfer,Online Banking,1773.81,Entertainment,0,49690.75,47916.94,Dec,Thu
387,TXN_FIN_10387,ACC_0146,76,Investment,2024-12-26,Withdrawal,Mobile App,353.26,Utilities,0,15623.03,15269.77,Dec,Thu
388,TXN_FIN_10388,ACC_0192,65,Savings,2024-11-26,Deposit,Branch,169.86,Groceries,0,34506.31,34336.45,Nov,Tue
389,TXN_FIN_10389,ACC_0086,21,Savings,2024-01-05,Payment,Mobile App,11.82,Groceries,0,34202.3,34190.48,Jan,Fri
390,TXN_FIN_10390,ACC_0062,54,Savings,2024-10-04,Deposit,Mobile App,739.82,Travel,0,11165.18,10425.36,Oct,Fri
391,TXN_FIN_10391,ACC_0141,43,Savings,2024-08-27,Withdrawal,Mobile App,169.7,Utilities,0,22970.74,22801.04,Aug,Tue
392,TXN_FIN_10392,ACC_0135,44,Checking,2024-04-29,Deposit,Mobile App,339.08,unknown,0,29935.46,29596.379999999997,Apr,Mon
393,TXN_FIN_10393,ACC_0087,58,Savings,2024-07-31,Deposit,ATM,486.89,Utilities,0,44286.2,43799.31,Jul,Wed
394,TXN_FIN_10394,ACC_0169,45,Checking,2024-09-30,Withdrawal,ATM,397.37,Groceries,1,23689.45,23292.08,Sep,Mon
395,TXN_FIN_10395,ACC_0027,59,Credit Card,2024-05-08,Deposit,Mobile App,124.26,Retail,0,389.62,265.36,May,Wed
396,TXN_FIN_10396,ACC_0064,68,Savings,2024-06-05,Withdrawal,Mobile App,58.23,Utilities,1,30165.23,30107.0,Jun,Wed
397,TXN_FIN_10397,ACC_0138,41,Checking,2024-06-21,Transfer,ATM,1066.44,Groceries,0,24095.93,23029.49,Jun,Fri
398,TXN_FIN_10398,ACC_0173,31,Savings,2024-03-20,Withdrawal,Branch,16.29,Groceries,0,21303.32,21287.03,Mar,Wed
399,TXN_FIN_10399,ACC_0039,78,Savings,2024-09-18,Withdrawal,Mobile App,283.36,Entertainment,1,15790.78,15507.42,Sep,Wed
400,TXN_FIN_10400,ACC_0102,32,Checking,2024-02-17,Withdrawal,Mobile App,186.57,Utilities,0,20275.9,20089.33,Feb,Sat
401,TXN_FIN_10401,ACC_0134,50,Investment,2024-10-16,Transfer,Mobile App,155.58,unknown,0,11823.72,11668.14,Oct,Wed
402,TXN_FIN_10402,ACC_0145,38,Savings,2024-11-06,Payment,Mobile App,345.56,Travel,0,40977.57,40632.01,Nov,Wed
403,TXN_FIN_10403,ACC_0163,64,Savings,2024-12-14,Payment,Mobile App,1885.87,Retail,0,40826.34,38940.469999999994,Dec,Sat
404,TXN_FIN_10404,ACC_0024,61,Savings,2024-08-23,Deposit,Online Banking,894.14,Utilities,0,47689.12,46794.98,Aug,Fri
405,TXN_FIN_10405,ACC_0141,23,Checking,2024-01-18,Deposit,Mobile App,459.22,Groceries,0,16321.78,15862.560000000001,Jan,Thu
406,TXN_FIN_10406,ACC_0051,72,Savings,2024-09-13,Transfer,ATM,898.58,Groceries,0,49359.51,48460.93,Sep,Fri
407,TXN_FIN_10407,ACC_0007,45,Savings,2024-12-08,unknown,Branch,1259.07,Travel,0,21350.78,20091.71,Dec,Sun
408,TXN_FIN_10408,ACC_0170,72,Investment,2024-11-25,Deposit,Mobile App,830.19,Retail,0,32021.34,31191.15,Nov,Mon
409,TXN_FIN_10409,ACC_0048,21,Investment,2024-06-29,Deposit,Mobile App,1159.68,Groceries,1,2051.11,891.4300000000001,Jun,Sat
410,TXN_FIN_10410,ACC_0098,79,Savings,2024-05-16,Payment,Branch,468.49,Entertainment,0,26065.91,25597.42,May,Thu
411,TXN_FIN_10411,ACC_0065,26,Checking,2024-07-28,Withdrawal,Branch,1247.78,Groceries,0,16138.51,14890.73,Jul,Sun
412,TXN_FIN_10412,ACC_0094,78,Savings,2024-03-15,Withdrawal,ATM,246.12,Groceries,0,6357.63,6111.51,Mar,Fri
413,TXN_FIN_10413,ACC_0052,67,Savings,2024-05-14,Transfer,ATM,205.53,Entertainment,0,33485.53,33280.0,May,Tue
414,TXN_FIN_10414,ACC_0193,29,Savings,2024-01-31,Transfer,Mobile App,367.72,Travel,0,27051.13,26683.41,Jan,Wed
415,TXN_FIN_10415,ACC_0018,66,Credit Card,2024-06-02,Deposit,Mobile App,199.75,unknown,0,40411.2,40211.45,Jun,Sun
416,TXN_FIN_10416,ACC_0109,67,Credit Card,2024-02-08,Transfer,Branch,37.13,unknown,0,4842.46,4805.33,Feb,Thu
417,TXN_FIN_10417,ACC_0140,72,Savings,2024-06-16,unknown,ATM,187.73,Entertainment,0,9423.63,9235.9,Jun,Sun
418,TXN_FIN_10418,ACC_0036,53,Credit Card,2024-07-08,Transfer,Mobile App,19.54,Retail,0,35301.95,35282.409999999996,Jul,Mon
419,TXN_FIN_10419,ACC_0015,68,Checking,2024-04-06,Withdrawal,Mobile App,423.65,unknown,0,43013.52,42589.869999999995,Apr,Sat
420,TXN_FIN_10420,ACC_0013,50,Savings,2024-04-28,Withdrawal,Online Banking,29.25,Travel,0,19596.84,19567.59,Apr,Sun
421,TXN_FIN_10421,ACC_0033,33,Checking,2024-05-28,Deposit,Online Banking,467.57,Utilities,0,5771.19,5303.62,May,Tue
422,TXN_FIN_10422,ACC_0011,47,Checking,2024-10-11,Withdrawal,Mobile App,308.16,Utilities,0,3386.35,3078.19,Oct,Fri
423,TXN_FIN_10423,ACC_0048,79,Savings,2024-08-23,Transfer,Online Banking,76.31,Utilities,0,4032.07,3955.76,Aug,Fri
424,TXN_FIN_10424,ACC_0022,20,Savings,2024-04-11,Transfer,ATM,255.13,Travel,0,39961.73,39706.600000000006,Apr,Thu
425,TXN_FIN_10425,ACC_0063,58,Investment,2024-10-16,Withdrawal,Branch,588.49,Travel,0,32904.74,32316.249999999996,Oct,Wed
426,TXN_FIN_10426,ACC_0080,21,Credit Card,2024-03-05,Deposit,Mobile App,508.27,Entertainment,0,14164.43,13656.16,Mar,Tue
427,TXN_FIN_10427,ACC_0100,29,Savings,2024-03-08,Payment,Mobile App,116.57,Groceries,0,18846.42,18729.85,Mar,Fri
428,TXN_FIN_10428,ACC_0016,32,Savings,2024-12-12,Withdrawal,Online Banking,906.0,Retail,0,19937.73,19031.73,Dec,Thu
429,TXN_FIN_10429,ACC_0094,74,Checking,2024-12-10,Withdrawal,Mobile App,198.26,Utilities,0,33471.1,33272.84,Dec,Tue
430,TXN_FIN_10430,ACC_0006,67,Savings,2024-06-13,Deposit,Online Banking,713.27,Travel,0,33042.04,32328.77,Jun,Thu
431,TXN_FIN_10431,ACC_0090,21,Savings,2024-04-12,Withdrawal,Mobile App,210.18,Entertainment,0,10981.09,10770.91,Apr,Fri
432,TXN_FIN_10432,ACC_0123,27,Checking,2024-03-25,Withdrawal,Online Banking,77.65,Retail,0,19267.93,19190.28,Mar,Mon
433,TXN_FIN_10433,ACC_0150,53,Credit Card,2024-03-28,Withdrawal,Mobile App,3.36,Retail,0,21990.42,21987.059999999998,Mar,Thu
434,TXN_FIN_10434,ACC_0109,21,Savings,2024-01-20,Deposit,Online Banking,2486.68,Groceries,0,27070.18,24583.5,Jan,Sat
435,TXN_FIN_10435,ACC_0140,39,Investment,2024-02-02,Withdrawal,Online Banking,679.81,Retail,0,31782.53,31102.719999999998,Feb,Fri
436,TXN_FIN_10436,ACC_0093,59,Savings,2024-10-05,Transfer,Mobile App,994.93,Groceries,0,6841.44,5846.509999999999,Oct,Sat
437,TXN_FIN_10437,ACC_0112,59,Credit Card,2024-07-21,Deposit,Mobile App,17.8,Groceries,0,11421.99,11404.19,Jul,Sun
438,TXN_FIN_10438,ACC_0193,36,Savings,2024-10-18,Deposit,Mobile App,518.83,Travel,0,1571.77,1052.94,Oct,Fri
439,TXN_FIN_10439,ACC_0111,52,Savings,2024-09-12,Deposit,Mobile App,101.29,Travel,0,36475.43,36374.14,Sep,Thu
440,TXN_FIN_10440,ACC_0041,25,Credit Card,2024-02-28,Deposit,ATM,127.58,Groceries,0,7149.93,7022.35,Feb,Wed
441,TXN_FIN_10441,ACC_0098,53,Savings,2024-07-31,Deposit,Branch,369.92,Utilities,0,16437.22,16067.300000000001,Jul,Wed
442,TXN_FIN_10442,ACC_0048,21,Investment,2024-08-14,Deposit,Online Banking,342.02,Utilities,0,45795.74,45453.72,Aug,Wed
443,TXN_FIN_10443,ACC_0069,76,Credit Card,2024-06-05,Transfer,ATM,847.11,Travel,0,37845.63,36998.52,Jun,Wed
444,TXN_FIN_10444,ACC_0121,76,Checking,2024-01-20,Deposit,Mobile App,236.74,unknown,0,31758.29,31521.55,Jan,Sat
445,TXN_FIN_10445,ACC_0074,70,Savings,2024-11-09,unknown,Mobile App,499.12,Groceries,0,37206.19,36707.07,Nov,Sat
446,TXN_FIN_10446,ACC_0115,50,Savings,2024-03-09,Deposit,Online Banking,90.83,Travel,0,4050.79,3959.96,Mar,Sat
447,TXN_FIN_10447,ACC_0044,39,Checking,2024-07-24,Withdrawal,Online Banking,444.66,Groceries,0,7884.2,7439.54,Jul,Wed
448,TXN_FIN_10448,ACC_0033,55,Checking,2024-10-11,Payment,Online Banking,1818.66,Groceries,0,44672.93,42854.27,Oct,Fri
449,TXN_FIN_10449,ACC_0095,42,Credit Card,2024-12-09,unknown,Branch,212.33,Travel,0,30541.51,30329.179999999997,Dec,Mon
450,TXN_FIN_10450,ACC_0074,39,Savings,2024-09-25,Payment,ATM,214.36,Entertainment,0,21290.23,21075.87,Sep,Wed
451,TXN_FIN_10451,ACC_0041,73,Credit Card,2024-06-04,Withdrawal,Mobile App,418.16,Groceries,0,15384.05,14965.89,Jun,Tue
452,TXN_FIN_10452,ACC_0041,47,Checking,2024-11-20,Deposit,Mobile App,232.9,unknown,0,40404.53,40171.63,Nov,Wed
453,TXN_FIN_10453,ACC_0061,25,Checking,2024-08-09,Transfer,Online Banking,385.89,Entertainment,0,33452.9,33067.01,Aug,Fri
454,TXN_FIN_10454,ACC_0010,79,Investment,2024-04-11,Transfer,Mobile App,1474.8,Groceries,0,4936.19,3461.3899999999994,Apr,Thu
455,TXN_FIN_10455,ACC_0187,73,Checking,2024-11-20,unknown,Branch,356.83,Travel,0,19525.54,19168.71,Nov,Wed
456,TXN_FIN_10456,ACC_0076,55,Savings,2024-02-17,Transfer,Online Banking,825.97,Utilities,0,11617.36,10791.390000000001,Feb,Sat
457,TXN_FIN_10457,ACC_0029,76,Savings,2024-11-18,Withdrawal,Mobile App,160.44,Groceries,0,31280.92,31120.48,Nov,Mon
458,TXN_FIN_10458,ACC_0027,62,Checking,2024-12-03,unknown,Online Banking,412.39,Entertainment,0,19444.18,19031.79,Dec,Tue
459,TXN_FIN_10459,ACC_0200,29,Credit Card,2024-08-04,Payment,Mobile App,83.2,Travel,0,32763.07,32679.87,Aug,Sun
460,TXN_FIN_10460,ACC_0191,54,Checking,2024-02-13,unknown,Mobile App,1081.58,Groceries,0,48628.92,47547.34,Feb,Tue
461,TXN_FIN_10461,ACC_0122,52,Checking,2024-09-22,Transfer,Online Banking,446.17,Entertainment,0,47466.38,47020.21,Sep,Sun
462,TXN_FIN_10462,ACC_0103,22,Savings,2024-02-24,Deposit,Mobile App,521.24,Groceries,0,17226.48,16705.239999999998,Feb,Sat
463,TXN_FIN_10463,ACC_0042,29,Investment,2024-03-02,Payment,Mobile App,90.54,Entertainment,0,44449.11,44358.57,Mar,Sat
464,TXN_FIN_10464,ACC_0136,71,Savings,2024-11-22,unknown,Online Banking,7.32,Entertainment,0,3485.86,3478.54,Nov,Fri
465,TXN_FIN_10465,ACC_0100,63,Savings,2024-06-01,Payment,Mobile App,60.44,Groceries,0,45701.82,45641.38,Jun,Sat
466,TXN_FIN_10466,ACC_0010,30,Checking,2024-08-31,Deposit,ATM,439.14,Entertainment,0,42018.23,41579.090000000004,Aug,Sat
467,TXN_FIN_10467,ACC_0015,20,Savings,2024-06-10,Withdrawal,Online Banking,1659.66,Retail,0,10939.18,9279.52,Jun,Mon
468,TXN_FIN_10468,ACC_0071,74,Checking,2024-03-12,Withdrawal,Online Banking,883.69,Utilities,0,18126.08,17242.390000000003,Mar,Tue
469,TXN_FIN_10469,ACC_0119,61,Checking,2024-09-16,Withdrawal,Mobile App,86.41,Retail,0,49624.45,49538.03999999999,Sep,Mon
470,TXN_FIN_10470,ACC_0173,54,Checking,2024-09-10,Deposit,Mobile App,396.55,Entertainment,0,17556.44,17159.89,Sep,Tue
471,TXN_FIN_10471,ACC_0010,52,Checking,2024-07-04,Payment,Branch,406.43,Retail,0,37322.37,36915.94,Jul,Thu
472,TXN_FIN_10472,ACC_0076,76,Savings,2024-02-17,Payment,Branch,531.38,Travel,0,1936.89,1405.5100000000002,Feb,Sat
473,TXN_FIN_10473,ACC_0044,77,Savings,2024-05-10,Deposit,Mobile App,116.5,Retail,0,23989.62,23873.12,May,Fri
474,TXN_FIN_10474,ACC_0170,63,Credit Card,2024-05-09,Deposit,Mobile App,59.0,Travel,0,45178.9,45119.9,May,Thu
475,TXN_FIN_10475,ACC_0107,47,Savings,2024-08-24,Deposit,Online Banking,478.1,Groceries,0,21748.21,21270.11,Aug,Sat
476,TXN_FIN_10476,ACC_0069,25,Checking,2024-04-01,Withdrawal,Mobile App,387.59,Groceries,0,22048.08,21660.49,Apr,Mon
477,TXN_FIN_10477,ACC_0116,71,Savings,2024-10-09,Deposit,Branch,131.13,Entertainment,0,49248.43,49117.3,Oct,Wed
478,TXN_FIN_10478,ACC_0068,18,Credit Card,2024-04-13,Payment,Mobile App,709.55,Retail,0,25182.47,24472.920000000002,Apr,Sat
479,TXN_FIN_10479,ACC_0105,20,Checking,2024-04-17,Deposit,Mobile App,202.88,Entertainment,0,26097.99,25895.11,Apr,Wed
480,TXN_FIN_10480,ACC_0115,47,Credit Card,2024-08-16,Deposit,Online Banking,24.17,Retail,0,21951.04,21926.870000000003,Aug,Fri
481,TXN_FIN_10481,ACC_0070,44,Savings,2024-05-24,Deposit,Mobile App,587.64,unknown,0,24857.58,24269.940000000002,May,Fri
482,TXN_FIN_10482,ACC_0052,55,Savings,2024-05-25,Withdrawal,Online Banking,247.21,Travel,0,27715.67,27468.46,May,Sat
483,TXN_FIN_10483,ACC_0176,39,Checking,2024-08-15,Deposit,Mobile App,1024.81,Groceries,0,29414.09,28389.28,Aug,Thu
484,TXN_FIN_10484,ACC_0010,61,Savings,2024-02-02,Transfer,Branch,179.84,Utilities,0,30537.85,30358.01,Feb,Fri
485,TXN_FIN_10485,ACC_0132,23,Checking,2024-04-10,Withdrawal,Branch,54.01,Travel,0,22120.07,22066.06,Apr,Wed
486,TXN_FIN_10486,ACC_0028,54,Checking,2024-08-07,Withdrawal,ATM,738.97,Utilities,0,39778.85,39039.88,Aug,Wed
487,TXN_FIN_10487,ACC_0199,68,Checking,2024-09-22,Deposit,Online Banking,1573.16,Entertainment,0,43996.68,42423.52,Sep,Sun
488,TXN_FIN_10488,ACC_0194,51,Savings,2024-06-16,Deposit,Mobile App,485.65,Groceries,1,2289.41,1803.7599999999998,Jun,Sun
489,TXN_FIN_10489,ACC_0030,68,Credit Card,2024-04-27,Payment,Online Banking,147.67,Travel,0,8054.9,7907.23,Apr,Sat
490,TXN_FIN_10490,ACC_0014,63,Savings,2024-04-19,Transfer,Branch,13.83,Retail,0,22500.32,22486.489999999998,Apr,Fri
491,TXN_FIN_10491,ACC_0196,75,Checking,2024-06-19,Deposit,Mobile App,891.08,Utilities,0,33208.07,32316.989999999998,Jun,Wed
492,TXN_FIN_10492,ACC_0094,22,Savings,2024-06-14,Deposit,Mobile App,65.79,Travel,1,668.16,602.37,Jun,Fri
493,TXN_FIN_10493,ACC_0110,41,Credit Card,2024-12-28,Withdrawal,Mobile App,521.5,unknown,0,18540.59,18019.09,Dec,Sat
494,TXN_FIN_10494,ACC_0081,40,Checking,2024-06-06,Transfer,Branch,1321.54,Retail,0,3159.38,1837.8400000000001,Jun,Thu
495,TXN_FIN_10495,ACC_0068,35,Savings,2024-03-05,Transfer,Branch,405.68,Utilities,0,11558.33,11152.65,Mar,Tue
496,TXN_FIN_10496,ACC_0126,44,Checking,2024-12-14,Withdrawal,ATM,5.58,Entertainment,0,43734.7,43729.119999999995,Dec,Sat
497,TXN_FIN_10497,ACC_0106,27,Savings,2024-07-28,Withdrawal,Mobile App,747.34,Entertainment,0,20134.41,19387.07,Jul,Sun
498,TXN_FIN_10498,ACC_0155,26,Checking,2024-02-19,Payment,ATM,402.41,Groceries,0,44533.44,44131.03,Feb,Mon
499,TXN_FIN_10499,ACC_0109,38,Savings,2024-07-15,Deposit,Online Banking,244.0,Entertainment,0,12344.51,12100.51,Jul,Mon
500,TXN_FIN_10500,ACC_0110,22,Savings,2024-03-26,Transfer,Mobile App,367.66,Groceries,0,22794.93,22427.27,Mar,Tue
501,TXN_FIN_10501,ACC_0194,61,Savings,2024-03-27,Deposit,Online Banking,807.9,Utilities,0,24543.62,23735.719999999998,Mar,Wed
502,TXN_FIN_10502,ACC_0116,52,Savings,2024-05-16,Transfer,ATM,269.22,Retail,0,10814.77,10545.550000000001,May,Thu
503,TXN_FIN_10503,ACC_0172,67,Checking,2024-08-05,Deposit,Mobile App,489.04,Entertainment,0,20892.09,20403.05,Aug,Mon
504,TXN_FIN_10504,ACC_0061,64,Savings,2024-09-06,Payment,Mobile App,233.56,Groceries,0,23837.05,23603.489999999998,Sep,Fri
505,TXN_FIN_10505,ACC_0194,49,Checking,2024-03-04,Deposit,Online Banking,601.84,Entertainment,0,33182.77,32580.929999999997,Mar,Mon
506,TXN_FIN_10506,ACC_0115,21,Checking,2024-03-08,Payment,Branch,227.37,Retail,0,34627.52,34400.149999999994,Mar,Fri
507,TXN_FIN_10507,ACC_0019,58,Savings,2024-08-24,Withdrawal,ATM,134.3,Travel,0,13140.88,13006.58,Aug,Sat
508,TXN_FIN_10508,ACC_0131,26,Savings,2024-02-16,Withdrawal,Online Banking,1422.16,Utilities,0,32008.31,30586.15,Feb,Fri
509,TXN_FIN_10509,ACC_0191,74,Savings,2024-07-03,Deposit,ATM,234.28,Utilities,0,41370.95,41136.67,Jul,Wed
510,TXN_FIN_10510,ACC_0184,70,Checking,2024-02-20,unknown,Mobile App,85.78,Entertainment,0,31455.53,31369.75,Feb,Tue
511,TXN_FIN_10511,ACC_0139,63,Checking,2024-10-24,Withdrawal,Mobile App,400.36,Travel,0,23347.87,22947.51,Oct,Thu
512,TXN_FIN_10512,ACC_0149,26,Savings,2024-07-25,Deposit,Mobile App,203.79,Entertainment,0,3774.13,3570.34,Jul,Thu
513,TXN_FIN_10513,ACC_0170,61,Savings,2024-05-19,Transfer,Mobile App,184.82,Groceries,0,26971.38,26786.56,May,Sun
514,TXN_FIN_10514,ACC_0195,43,Credit Card,2024-12-18,Withdrawal,Mobile App,176.41,Utilities,0,26831.01,26654.6,Dec,Wed
515,TXN_FIN_10515,ACC_0092,47,Savings,2024-12-16,Deposit,Mobile App,54.69,Entertainment,0,49125.74,49071.049999999996,Dec,Mon
516,TXN_FIN_10516,ACC_0079,32,Savings,2024-04-12,Transfer,Branch,818.78,Travel,0,15780.16,14961.38,Apr,Fri
517,TXN_FIN_10517,ACC_0196,44,Investment,2024-03-31,Deposit,ATM,30.58,Utilities,0,26912.19,26881.609999999997,Mar,Sun
518,TXN_FIN_10518,ACC_0035,48,Credit Card,2024-01-24,Deposit,Online Banking,1830.53,Groceries,0,33021.78,31191.25,Jan,Wed
519,TXN_FIN_10519,ACC_0023,50,Savings,2024-02-01,Withdrawal,Mobile App,1655.77,Groceries,0,40317.2,38661.43,Feb,Thu
520,TXN_FIN_10520,ACC_0042,20,Checking,2024-12-12,Deposit,ATM,1572.5,Entertainment,0,19405.95,17833.45,Dec,Thu
521,TXN_FIN_10521,ACC_0192,23,Investment,2024-05-04,Deposit,Mobile App,18.54,Retail,0,49354.54,49336.0,May,Sat
522,TXN_FIN_10522,ACC_0128,32,Savings,2024-09-27,Deposit,Online Banking,13.61,Entertainment,0,12941.34,12927.73,Sep,Fri
523,TXN_FIN_10523,ACC_0002,57,Checking,2024-02-21,Payment,ATM,110.29,Retail,0,23492.52,23382.23,Feb,Wed
524,TXN_FIN_10524,ACC_0198,79,Investment,2024-03-28,Transfer,Online Banking,261.59,Groceries,0,2133.01,1871.4200000000003,Mar,Thu
525,TXN_FIN_10525,ACC_0188,28,Checking,2024-01-19,Deposit,Mobile App,2061.04,unknown,0,18074.72,16013.68,Jan,Fri
526,TXN_FIN_10526,ACC_0130,75,Credit Card,2024-08-12,Payment,Mobile App,51.98,Groceries,0,42113.26,42061.28,Aug,Mon
527,TXN_FIN_10527,ACC_0191,57,Savings,2024-05-30,Withdrawal,Mobile App,359.93,Utilities,0,41036.5,40676.57,May,Thu
528,TXN_FIN_10528,ACC_0101,75,Savings,2024-01-22,Payment,Online Banking,326.17,Utilities,0,3136.61,2810.44,Jan,Mon
529,TXN_FIN_10529,ACC_0091,64,Checking,2024-01-07,Withdrawal,Branch,227.49,Utilities,0,19360.77,19133.28,Jan,Sun
530,TXN_FIN_10530,ACC_0048,60,Checking,2024-02-02,Payment,ATM,1746.8,Entertainment,0,32452.91,30706.11,Feb,Fri
531,TXN_FIN_10531,ACC_0167,27,Savings,2024-09-21,Transfer,Online Banking,414.88,Groceries,0,32598.58,32183.7,Sep,Sat
532,TXN_FIN_10532,ACC_0093,27,Savings,2024-10-20,Withdrawal,Mobile App,102.53,Utilities,0,17209.76,17107.23,Oct,Sun
533,TXN_FIN_10533,ACC_0147,48,Checking,2024-02-23,Deposit,Branch,1405.87,Entertainment,0,11991.19,10585.32,Feb,Fri
534,TXN_FIN_10534,ACC_0058,66,Checking,2024-02-04,Withdrawal,Online Banking,262.19,Entertainment,0,20670.06,20407.870000000003,Feb,Sun
535,TXN_FIN_10535,ACC_0002,67,Investment,2024-05-26,Withdrawal,Mobile App,120.32,Utilities,0,28442.77,28322.45,May,Sun
536,TXN_FIN_10536,ACC_0015,24,Checking,2024-10-03,Withdrawal,ATM,201.45,Utilities,0,39510.07,39308.62,Oct,Thu
537,TXN_FIN_10537,ACC_0159,38,Investment,2024-11-16,Withdrawal,ATM,333.28,unknown,0,11553.07,11219.789999999999,Nov,Sat
538,TXN_FIN_10538,ACC_0076,68,Checking,2024-01-19,Transfer,Mobile App,122.36,unknown,0,18270.99,18148.63,Jan,Fri
539,TXN_FIN_10539,ACC_0075,20,Savings,2024-02-18,Transfer,Mobile App,142.04,Entertainment,0,46509.9,46367.86,Feb,Sun
540,TXN_FIN_10540,ACC_0084,31,Savings,2024-04-17,Withdrawal,Mobile App,433.43,Entertainment,0,7383.92,6950.49,Apr,Wed
541,TXN_FIN_10541,ACC_0184,36,Checking,2024-02-16,Deposit,Online Banking,946.86,unknown,0,10536.01,9589.15,Feb,Fri
542,TXN_FIN_10542,ACC_0074,28,Investment,2024-07-23,Deposit,Online Banking,25.0,Travel,0,15614.3,15589.3,Jul,Tue
543,TXN_FIN_10543,ACC_0044,23,Savings,2024-11-09,Deposit,Mobile App,175.31,unknown,0,21539.74,21364.43,Nov,Sat
544,TXN_FIN_10544,ACC_0197,67,Investment,2024-03-17,Withdrawal,ATM,8.57,Utilities,0,36538.56,36529.99,Mar,Sun
545,TXN_FIN_10545,ACC_0055,61,Savings,2024-09-12,Transfer,Mobile App,78.75,Travel,0,40256.07,40177.32,Sep,Thu
546,TXN_FIN_10546,ACC_0014,52,Checking,2024-09-01,Deposit,Mobile App,733.14,Utilities,0,4152.4,3419.2599999999998,Sep,Sun
547,TXN_FIN_10547,ACC_0143,38,Checking,2024-01-10,Payment,Online Banking,275.32,Travel,0,39679.62,39404.3,Jan,Wed
548,TXN_FIN_10548,ACC_0036,54,Savings,2024-03-26,Deposit,Mobile App,497.45,Entertainment,0,3426.99,2929.54,Mar,Tue
549,TXN_FIN_10549,ACC_0184,25,Savings,2024-08-30,Payment,ATM,282.26,Retail,0,21330.93,21048.670000000002,Aug,Fri
550,TXN_FIN_10550,ACC_0039,23,Savings,2024-05-22,unknown,Mobile App,630.64,Entertainment,0,14957.38,14326.74,May,Wed
551,TXN_FIN_10551,ACC_0079,77,Savings,2024-11-12,Transfer,Online Banking,45.07,Retail,0,40598.35,40553.28,Nov,Tue
552,TXN_FIN_10552,ACC_0103,22,Savings,2024-07-11,Withdrawal,Online Banking,463.54,Entertainment,0,24171.98,23708.44,Jul,Thu
553,TXN_FIN_10553,ACC_0184,75,Checking,2024-03-11,Payment,Online Banking,158.48,Travel,0,33296.77,33138.28999999999,Mar,Mon
554,TXN_FIN_10554,ACC_0062,74,Credit Card,2024-11-08,Deposit,Mobile App,383.33,Groceries,0,22407.45,22024.12,Nov,Fri
555,TXN_FIN_10555,ACC_0160,36,Credit Card,2024-05-25,Withdrawal,Online Banking,36.88,Utilities,0,10614.41,10577.53,May,Sat
556,TXN_FIN_10556,ACC_0103,19,Savings,2024-10-20,Deposit,Mobile App,21.55,Utilities,0,30707.47,30685.920000000002,Oct,Sun
557,TXN_FIN_10557,ACC_0084,33,Checking,2024-02-16,Payment,Mobile App,354.89,Entertainment,0,42372.68,42017.79,Feb,Fri
558,TXN_FIN_10558,ACC_0109,72,Checking,2024-04-06,Payment,Branch,93.67,Entertainment,0,29447.79,29354.120000000003,Apr,Sat
559,TXN_FIN_10559,ACC_0014,61,Checking,2024-02-02,Withdrawal,Branch,2.08,Groceries,0,28853.38,28851.3,Feb,Fri
560,TXN_FIN_10560,ACC_0154,48,Checking,2024-08-07,Deposit,Mobile App,100.05,Utilities,0,27257.27,27157.22,Aug,Wed
561,TXN_FIN_10561,ACC_0178,57,Credit Card,2024-06-27,Withdrawal,Online Banking,516.06,Groceries,0,16517.57,16001.51,Jun,Thu
562,TXN_FIN_10562,ACC_0088,20,Investment,2024-10-17,Deposit,Branch,13.42,unknown,0,23250.64,23237.22,Oct,Thu
563,TXN_FIN_10563,ACC_0157,51,Checking,2024-10-14,Payment,Mobile App,583.21,Groceries,0,47494.01,46910.8,Oct,Mon
564,TXN_FIN_10564,ACC_0102,19,Credit Card,2024-03-10,Deposit,Mobile App,644.2,Entertainment,0,31505.02,30860.82,Mar,Sun
565,TXN_FIN_10565,ACC_0117,18,Investment,2024-08-04,Payment,Mobile App,118.64,unknown,0,18247.76,18129.12,Aug,Sun
566,TXN_FIN_10566,ACC_0016,23,Credit Card,2024-09-23,Deposit,Online Banking,545.02,Retail,0,4891.18,4346.16,Sep,Mon
567,TXN_FIN_10567,ACC_0030,66,Checking,2024-11-05,Deposit,Mobile App,1744.41,Utilities,0,36660.09,34915.67999999999,Nov,Tue
568,TXN_FIN_10568,ACC_0109,30,Credit Card,2024-03-16,Payment,ATM,984.16,Retail,0,9880.75,8896.59,Mar,Sat
569,TXN_FIN_10569,ACC_0049,57,Savings,2024-04-14,Withdrawal,Mobile App,1285.93,Travel,0,14601.15,13315.22,Apr,Sun
570,TXN_FIN_10570,ACC_0165,30,Checking,2024-07-10,Withdrawal,ATM,1029.04,Travel,0,32645.75,31616.71,Jul,Wed
571,TXN_FIN_10571,ACC_0016,43,Savings,2024-01-23,Withdrawal,Mobile App,7.24,Utilities,0,40163.14,40155.9,Jan,Tue
572,TXN_FIN_10572,ACC_0023,27,Savings,2024-06-03,Deposit,Mobile App,554.69,Groceries,0,40020.09,39465.399999999994,Jun,Mon
573,TXN_FIN_10573,ACC_0183,79,Checking,2024-05-28,Deposit,Online Banking,762.71,Travel,0,38423.83,37661.12,May,Tue
574,TXN_FIN_10574,ACC_0032,73,Savings,2024-12-18,Payment,Online Banking,1965.46,Travel,0,8563.18,6597.72,Dec,Wed
575,TXN_FIN_10575,ACC_0033,67,Credit Card,2024-11-05,Deposit,Mobile App,240.24,Entertainment,0,44214.76,43974.520000000004,Nov,Tue
576,TXN_FIN_10576,ACC_0168,78,Credit Card,2024-12-29,Payment,Mobile App,115.97,Entertainment,0,36709.8,36593.83,Dec,Sun
577,TXN_FIN_10577,ACC_0165,25,Checking,2024-04-22,Withdrawal,ATM,662.95,Utilities,0,6143.74,5480.79,Apr,Mon
578,TXN_FIN_10578,ACC_0005,47,Savings,2024-07-15,Deposit,Branch,682.67,Travel,0,11827.42,11144.75,Jul,Mon
579,TXN_FIN_10579,ACC_0145,19,Credit Card,2024-10-06,Deposit,Mobile App,375.39,Entertainment,0,12556.6,12181.210000000001,Oct,Sun
580,TXN_FIN_10580,ACC_0178,37,Savings,2024-04-08,Deposit,Mobile App,127.51,Entertainment,0,978.89,851.38,Apr,Mon
581,TXN_FIN_10581,ACC_0077,19,Credit Card,2024-06-08,Transfer,Online Banking,816.31,Travel,0,25210.59,24394.28,Jun,Sat
582,TXN_FIN_10582,ACC_0102,62,Savings,2024-09-15,Withdrawal,Online Banking,2209.09,Retail,0,37045.54,34836.45,Sep,Sun
583,TXN_FIN_10583,ACC_0110,45,Credit Card,2024-10-08,Withdrawal,Online Banking,49.32,Travel,0,41421.04,41371.72,Oct,Tue
584,TXN_FIN_10584,ACC_0003,63,Credit Card,2024-01-06,Transfer,Online Banking,54.36,Groceries,0,43385.97,43331.61,Jan,Sat
585,TXN_FIN_10585,ACC_0142,74,Credit Card,2024-04-21,Deposit,Online Banking,1427.7,Retail,0,35536.22,34108.520000000004,Apr,Sun
586,TXN_FIN_10586,ACC_0050,42,Checking,2024-03-26,Deposit,Mobile App,40.69,Groceries,0,1851.65,1810.96,Mar,Tue
587,TXN_FIN_10587,ACC_0060,35,Checking,2024-04-18,Payment,Mobile App,412.55,Entertainment,0,2889.83,2477.2799999999997,Apr,Thu
588,TXN_FIN_10588,ACC_0054,60,Credit Card,2024-09-19,Payment,ATM,1284.13,Utilities,0,45668.22,44384.090000000004,Sep,Thu
589,TXN_FIN_10589,ACC_0042,65,Checking,2024-04-02,Transfer,Online Banking,8.54,Groceries,0,43056.19,43047.65,Apr,Tue
590,TXN_FIN_10590,ACC_0082,62,Credit Card,2024-10-09,Deposit,Online Banking,125.41,Groceries,0,25489.09,25363.68,Oct,Wed
591,TXN_FIN_10591,ACC_0026,53,Credit Card,2024-05-12,Payment,ATM,186.3,Entertainment,0,43312.02,43125.719999999994,May,Sun
592,TXN_FIN_10592,ACC_0103,47,Checking,2024-11-15,Transfer,Mobile App,1466.47,Retail,0,3344.19,1877.72,Nov,Fri
593,TXN_FIN_10593,ACC_0052,30,Savings,2024-01-14,unknown,Online Banking,531.15,Retail,0,4122.08,3590.93,Jan,Sun
594,TXN_FIN_10594,ACC_0031,52,Checking,2024-04-06,Deposit,Mobile App,444.19,Travel,0,37507.52,37063.329999999994,Apr,Sat
595,TXN_FIN_10595,ACC_0071,39,Credit Card,2024-05-14,Transfer,Mobile App,1812.32,Travel,0,47277.34,45465.02,May,Tue
596,TXN_FIN_10596,ACC_0005,76,Savings,2024-11-15,Withdrawal,Mobile App,348.19,Groceries,0,33900.1,33551.909999999996,Nov,Fri
597,TXN_FIN_10597,ACC_0056,52,Checking,2024-03-10,Transfer,ATM,139.45,Groceries,0,38565.04,38425.590000000004,Mar,Sun
598,TXN_FIN_10598,ACC_0084,67,Checking,2024-10-04,Transfer,Mobile App,126.79,Retail,0,29264.69,29137.899999999998,Oct,Fri
599,TXN_FIN_10599,ACC_0182,45,Checking,2024-09-22,unknown,Online Banking,1423.07,Groceries,0,34776.69,33353.62,Sep,Sun
600,TXN_FIN_10600,ACC_0136,77,Checking,2024-07-12,Transfer,Online Banking,95.73,Groceries,0,22664.2,22568.47,Jul,Fri
601,TXN_FIN_10601,ACC_0011,43,Investment,2024-11-05,Withdrawal,Online Banking,213.13,Retail,0,4888.94,4675.8099999999995,Nov,Tue
602,TXN_FIN_10602,ACC_0087,27,Savings,2024-01-22,Withdrawal,Mobile App,784.25,Entertainment,0,27430.58,26646.33,Jan,Mon
603,TXN_FIN_10603,ACC_0024,63,Savings,2024-12-01,Deposit,ATM,1106.64,Retail,0,31822.89,30716.25,Dec,Sun
604,TXN_FIN_10604,ACC_0052,33,Checking,2024-05-12,Deposit,Online Banking,619.11,unknown,0,7794.47,7175.360000000001,May,Sun
605,TXN_FIN_10605,ACC_0007,23,Checking,2024-03-23,Transfer,Online Banking,94.78,Utilities,0,21806.04,21711.260000000002,Mar,Sat
606,TXN_FIN_10606,ACC_0195,62,Savings,2024-04-08,Deposit,Online Banking,115.58,Utilities,0,23323.24,23207.66,Apr,Mon
607,TXN_FIN_10607,ACC_0186,65,Savings,2024-04-25,Deposit,Branch,14.73,Groceries,0,49294.76,49280.03,Apr,Thu
608,TXN_FIN_10608,ACC_0131,41,Savings,2024-04-18,Deposit,Online Banking,172.69,Entertainment,0,26849.1,26676.41,Apr,Thu
609,TXN_FIN_10609,ACC_0054,22,Credit Card,2024-05-13,unknown,ATM,83.47,Entertainment,0,23587.06,23503.59,May,Mon
610,TXN_FIN_10610,ACC_0071,79,Savings,2024-08-01,Withdrawal,Online Banking,419.27,Groceries,0,23925.18,23505.91,Aug,Thu
611,TXN_FIN_10611,ACC_0106,69,Investment,2024-10-16,Transfer,Online Banking,280.67,Entertainment,0,326.31,45.639999999999986,Oct,Wed
612,TXN_FIN_10612,ACC_0040,39,Checking,2024-07-06,Payment,Mobile App,876.95,Retail,0,10931.86,10054.91,Jul,Sat
613,TXN_FIN_10613,ACC_0192,26,Investment,2024-08-08,Withdrawal,Mobile App,1255.6,Retail,0,29155.75,27900.15,Aug,Thu
614,TXN_FIN_10614,ACC_0094,33,Investment,2024-10-20,Transfer,Mobile App,134.03,Groceries,0,2125.5,1991.47,Oct,Sun
615,TXN_FIN_10615,ACC_0071,41,Credit Card,2024-01-31,unknown,ATM,714.82,Utilities,0,40927.92,40213.1,Jan,Wed
616,TXN_FIN_10616,ACC_0141,44,Checking,2024-06-07,Deposit,Online Banking,158.16,Retail,0,46018.2,45860.03999999999,Jun,Fri
617,TXN_FIN_10617,ACC_0195,74,Savings,2024-11-07,Deposit,ATM,132.14,Travel,0,5644.92,5512.78,Nov,Thu
618,TXN_FIN_10618,ACC_0089,23,Checking,2024-07-13,Transfer,Mobile App,188.85,Entertainment,0,37606.25,37417.4,Jul,Sat
619,TXN_FIN_10619,ACC_0152,55,Checking,2024-06-05,Transfer,Branch,192.86,Utilities,0,9548.91,9356.05,Jun,Wed
620,TXN_FIN_10620,ACC_0044,29,Credit Card,2024-12-07,Payment,Online Banking,799.06,Groceries,0,30859.4,30060.34,Dec,Sat
621,TXN_FIN_10621,ACC_0117,38,Savings,2024-12-28,Payment,Mobile App,154.84,Entertainment,0,12771.32,12616.48,Dec,Sat
622,TXN_FIN_10622,ACC_0078,61,Checking,2024-11-25,Deposit,ATM,119.4,Retail,0,8860.32,8740.92,Nov,Mon
623,TXN_FIN_10623,ACC_0148,75,Savings,2024-07-09,Deposit,ATM,668.46,Entertainment,0,49200.59,48532.13,Jul,Tue
624,TXN_FIN_10624,ACC_0061,79,Savings,2024-01-04,Transfer,Online Banking,8.77,Retail,0,11784.81,11776.039999999999,Jan,Thu
625,TXN_FIN_10625,ACC_0031,46,Savings,2024-12-26,Withdrawal,Mobile App,226.28,Entertainment,0,10161.9,9935.619999999999,Dec,Thu
626,TXN_FIN_10626,ACC_0116,67,Checking,2024-09-23,Deposit,Mobile App,53.49,Retail,0,10815.71,10762.22,Sep,Mon
627,TXN_FIN_10627,ACC_0020,49,Checking,2024-10-04,Deposit,Online Banking,300.36,Groceries,0,6238.58,5938.22,Oct,Fri
628,TXN_FIN_10628,ACC_0167,46,Checking,2024-11-02,Deposit,Mobile App,531.47,Groceries,0,49363.99,48832.52,Nov,Sat
629,TXN_FIN_10629,ACC_0098,66,Savings,2024-08-30,Transfer,Mobile App,157.57,Utilities,0,40530.11,40372.54,Aug,Fri
630,TXN_FIN_10630,ACC_0141,50,Savings,2024-01-24,Deposit,Mobile App,551.22,Groceries,0,17328.15,16776.93,Jan,Wed
631,TXN_FIN_10631,ACC_0110,58,Credit Card,2024-07-08,Deposit,Online Banking,1318.49,Groceries,0,9219.15,7900.66,Jul,Mon
632,TXN_FIN_10632,ACC_0074,78,Savings,2024-04-14,Deposit,ATM,975.59,Utilities,0,39639.76,38664.170000000006,Apr,Sun
633,TXN_FIN_10633,ACC_0026,47,Credit Card,2024-11-06,Transfer,Mobile App,79.01,Utilities,0,26369.6,26290.59,Nov,Wed
634,TXN_FIN_10634,ACC_0111,55,Credit Card,2024-07-23,Transfer,Mobile App,456.45,Groceries,0,23668.27,23211.82,Jul,Tue
635,TXN_FIN_10635,ACC_0040,27,Credit Card,2024-10-04,unknown,Mobile App,610.83,Entertainment,0,41469.56,40858.729999999996,Oct,Fri
636,TXN_FIN_10636,ACC_0173,60,Checking,2024-09-30,Withdrawal,Mobile App,989.28,Entertainment,0,27977.23,26987.95,Sep,Mon
637,TXN_FIN_10637,ACC_0104,32,Savings,2024-11-13,Transfer,ATM,576.5,Retail,0,33736.92,33160.42,Nov,Wed
638,TXN_FIN_10638,ACC_0160,23,Checking,2024-12-10,Transfer,Mobile App,289.05,Entertainment,0,41843.11,41554.06,Dec,Tue
639,TXN_FIN_10639,ACC_0131,27,Savings,2024-04-20,Withdrawal,Online Banking,534.0,Travel,0,8609.26,8075.26,Apr,Sat
640,TXN_FIN_10640,ACC_0037,46,Savings,2024-05-20,unknown,Online Banking,318.49,Retail,0,40856.75,40538.26,May,Mon
641,TXN_FIN_10641,ACC_0091,51,Savings,2024-06-26,Deposit,Mobile App,627.62,Groceries,0,29750.49,29122.870000000003,Jun,Wed
642,TXN_FIN_10642,ACC_0038,76,Credit Card,2024-06-30,Transfer,Online Banking,227.49,Utilities,0,13234.25,13006.76,Jun,Sun
643,TXN_FIN_10643,ACC_0142,18,Savings,2024-10-24,Deposit,Online Banking,1271.35,Groceries,0,8804.46,7533.109999999999,Oct,Thu
644,TXN_FIN_10644,ACC_0053,22,Checking,2024-11-26,Payment,Mobile App,163.55,Entertainment,0,3624.4,3460.85,Nov,Tue
645,TXN_FIN_10645,ACC_0172,27,Savings,2024-09-23,Transfer,Mobile App,111.24,Groceries,0,4671.4,4560.16,Sep,Mon
646,TXN_FIN_10646,ACC_0187,28,Savings,2024-06-16,Deposit,ATM,3.32,Utilities,0,12885.36,12882.04,Jun,Sun
647,TXN_FIN_10647,ACC_0173,43,Savings,2024-03-06,unknown,Mobile App,2163.99,Retail,0,10197.58,8033.59,Mar,Wed
648,TXN_FIN_10648,ACC_0060,36,Investment,2024-01-02,Withdrawal,ATM,280.67,Utilities,0,29550.72,29270.050000000003,Jan,Tue
649,TXN_FIN_10649,ACC_0063,28,Investment,2024-04-20,unknown,Mobile App,605.21,Travel,0,13956.74,13351.529999999999,Apr,Sat
650,TXN_FIN_10650,ACC_0159,53,Checking,2024-01-31,Deposit,Mobile App,276.48,Groceries,0,9134.34,8857.86,Jan,Wed
651,TXN_FIN_10651,ACC_0110,34,Checking,2024-12-30,Withdrawal,Mobile App,48.73,Entertainment,0,30542.65,30493.920000000002,Dec,Mon
652,TXN_FIN_10652,ACC_0009,58,Savings,2024-12-19,Deposit,Mobile App,204.91,Entertainment,1,21635.8,21430.89,Dec,Thu
653,TXN_FIN_10653,ACC_0164,49,Investment,2024-08-30,Transfer,Online Banking,523.15,Utilities,0,44831.33,44308.18,Aug,Fri
654,TXN_FIN_10654,ACC_0190,70,Savings,2024-06-21,Withdrawal,Online Banking,1021.65,Groceries,0,35979.58,34957.93,Jun,Fri
655,TXN_FIN_10655,ACC_0014,64,Investment,2024-04-07,Withdrawal,Mobile App,175.47,Travel,0,5204.71,5029.24,Apr,Sun
656,TXN_FIN_10656,ACC_0166,56,Checking,2024-06-21,unknown,Mobile App,143.66,Utilities,0,13598.43,13454.77,Jun,Fri
657,TXN_FIN_10657,ACC_0166,49,Checking,2024-03-24,unknown,Online Banking,590.34,unknown,0,11877.79,11287.45,Mar,Sun
658,TXN_FIN_10658,ACC_0032,75,Savings,2024-01-19,Payment,Mobile App,115.35,Groceries,0,23352.05,23236.7,Jan,Fri
659,TXN_FIN_10659,ACC_0172,70,Savings,2024-04-05,Deposit,Online Banking,475.51,Groceries,0,13868.16,13392.65,Apr,Fri
660,TXN_FIN_10660,ACC_0174,65,Checking,2024-02-16,Withdrawal,ATM,566.32,Retail,0,31044.67,30478.35,Feb,Fri
661,TXN_FIN_10661,ACC_0031,37,Checking,2024-05-31,Payment,ATM,184.39,Retail,0,25285.52,25101.13,May,Fri
662,TXN_FIN_10662,ACC_0097,54,Checking,2024-10-29,Payment,Online Banking,247.45,Entertainment,0,28207.38,27959.93,Oct,Tue
663,TXN_FIN_10663,ACC_0065,41,Investment,2024-07-12,Deposit,ATM,748.0,Entertainment,0,2726.19,1978.19,Jul,Fri
664,TXN_FIN_10664,ACC_0127,55,Investment,2024-01-26,Withdrawal,Branch,297.86,Utilities,0,6811.24,6513.38,Jan,Fri
665,TXN_FIN_10665,ACC_0137,64,Savings,2024-01-01,Deposit,Online Banking,1170.1,Travel,0,32233.65,31063.550000000003,Jan,Mon
666,TXN_FIN_10666,ACC_0092,66,Checking,2024-01-02,Deposit,Online Banking,822.96,Groceries,0,9271.35,8448.39,Jan,Tue
667,TXN_FIN_10667,ACC_0046,59,Checking,2024-03-28,Withdrawal,Mobile App,447.79,Groceries,0,43947.87,43500.08,Mar,Thu
668,TXN_FIN_10668,ACC_0140,64,Credit Card,2024-05-29,Payment,Mobile App,696.73,Groceries,0,14867.4,14170.67,May,Wed
669,TXN_FIN_10669,ACC_0136,30,Savings,2024-04-16,Transfer,Mobile App,481.75,Retail,0,43157.5,42675.75,Apr,Tue
670,TXN_FIN_10670,ACC_0086,72,Checking,2024-06-12,Payment,ATM,607.1,Entertainment,0,19338.44,18731.34,Jun,Wed
671,TXN_FIN_10671,ACC_0002,55,Savings,2024-05-26,Deposit,Online Banking,789.48,Travel,0,16999.09,16209.61,May,Sun
672,TXN_FIN_10672,ACC_0173,31,Investment,2024-11-25,Transfer,ATM,15.27,Entertainment,0,13469.19,13453.92,Nov,Mon
673,TXN_FIN_10673,ACC_0141,62,Savings,2024-01-17,Withdrawal,Online Banking,759.4,Groceries,0,3905.26,3145.86,Jan,Wed
674,TXN_FIN_10674,ACC_0072,71,Checking,2024-10-09,Payment,Branch,133.97,Utilities,0,37037.53,36903.56,Oct,Wed
675,TXN_FIN_10675,ACC_0171,47,Savings,2024-09-09,Deposit,Mobile App,863.78,Entertainment,0,45561.85,44698.07,Sep,Mon
676,TXN_FIN_10676,ACC_0094,67,Credit Card,2024-11-24,Deposit,Online Banking,440.92,Retail,0,45539.99,45099.07,Nov,Sun
677,TXN_FIN_10677,ACC_0020,73,Investment,2024-07-22,Deposit,Online Banking,843.1,Utilities,0,12570.57,11727.47,Jul,Mon
678,TXN_FIN_10678,ACC_0180,36,Savings,2024-11-23,Transfer,Online Banking,1202.53,Groceries,0,5334.11,4131.58,Nov,Sat
679,TXN_FIN_10679,ACC_0179,52,Checking,2024-02-01,unknown,Online Banking,276.7,Entertainment,0,1808.16,1531.46,Feb,Thu
680,TXN_FIN_10680,ACC_0192,49,Checking,2024-02-21,Transfer,Branch,438.9,Retail,0,45223.21,44784.31,Feb,Wed
681,TXN_FIN_10681,ACC_0040,47,Credit Card,2024-12-18,Withdrawal,ATM,1132.23,Entertainment,0,14988.65,13856.42,Dec,Wed
682,TXN_FIN_10682,ACC_0063,63,Checking,2024-12-29,Deposit,Mobile App,630.43,Retail,0,20835.56,20205.13,Dec,Sun
683,TXN_FIN_10683,ACC_0149,51,Savings,2024-03-23,Withdrawal,Branch,827.76,Groceries,0,40872.42,40044.659999999996,Mar,Sat
684,TXN_FIN_10684,ACC_0175,71,Investment,2024-06-30,Deposit,ATM,1027.41,Groceries,0,2805.97,1778.5599999999997,Jun,Sun
685,TXN_FIN_10685,ACC_0001,71,Savings,2024-03-27,Deposit,Online Banking,224.48,Travel,0,15711.0,15486.52,Mar,Wed
686,TXN_FIN_10686,ACC_0163,69,Savings,2024-08-18,Withdrawal,Mobile App,252.27,Groceries,0,27189.24,26936.97,Aug,Sun
687,TXN_FIN_10687,ACC_0184,35,Savings,2024-07-07,Withdrawal,Online Banking,313.57,Groceries,0,38832.36,38518.79,Jul,Sun
688,TXN_FIN_10688,ACC_0109,66,Checking,2024-04-02,Deposit,Online Banking,63.75,Entertainment,0,6883.01,6819.26,Apr,Tue
689,TXN_FIN_10689,ACC_0152,21,Checking,2024-02-06,Payment,Online Banking,2124.43,Entertainment,0,34632.88,32508.449999999997,Feb,Tue
690,TXN_FIN_10690,ACC_0023,36,Checking,2024-05-29,Transfer,Mobile App,134.84,Groceries,0,9022.36,8887.52,May,Wed
691,TXN_FIN_10691,ACC_0053,50,Checking,2024-11-17,Withdrawal,Mobile App,514.19,Utilities,0,8168.34,7654.15,Nov,Sun
692,TXN_FIN_10692,ACC_0132,23,Savings,2024-09-14,Withdrawal,Branch,285.15,Utilities,0,33590.37,33305.22,Sep,Sat
693,TXN_FIN_10693,ACC_0064,40,Checking,2024-09-12,Deposit,Online Banking,22.37,unknown,0,17035.09,17012.72,Sep,Thu
694,TXN_FIN_10694,ACC_0157,18,Savings,2024-07-27,Payment,Mobile App,2609.68,Entertainment,0,22105.57,19495.89,Jul,Sat
695,TXN_FIN_10695,ACC_0177,65,Checking,2024-07-15,Deposit,Mobile App,83.17,Retail,0,38450.35,38367.18,Jul,Mon
696,TXN_FIN_10696,ACC_0113,40,Savings,2024-05-28,Deposit,Mobile App,64.02,Groceries,0,6411.69,6347.669999999999,May,Tue
697,TXN_FIN_10697,ACC_0061,71,Investment,2024-03-10,Deposit,Mobile App,1985.15,Entertainment,0,42832.44,40847.29,Mar,Sun
698,TXN_FIN_10698,ACC_0132,73,Checking,2024-09-19,Deposit,Mobile App,756.54,Utilities,0,10636.58,9880.04,Sep,Thu
699,TXN_FIN_10699,ACC_0163,23,Checking,2024-03-02,Payment,Mobile App,61.75,Groceries,0,1227.48,1165.73,Mar,Sat
700,TXN_FIN_10700,ACC_0153,58,Credit Card,2024-08-02,Withdrawal,ATM,464.7,Groceries,0,14074.17,13609.47,Aug,Fri
701,TXN_FIN_10701,ACC_0147,46,Savings,2024-05-10,Withdrawal,Mobile App,929.19,Retail,0,1127.13,197.94000000000005,May,Fri
702,TXN_FIN_10702,ACC_0097,74,Savings,2024-04-19,Transfer,Mobile App,123.52,Entertainment,0,44039.1,43915.58,Apr,Fri
703,TXN_FIN_10703,ACC_0044,75,Checking,2024-03-12,Transfer,Mobile App,54.57,Groceries,0,7583.02,7528.450000000001,Mar,Tue
704,TXN_FIN_10704,ACC_0008,75,Savings,2024-07-21,Transfer,Mobile App,613.75,Utilities,0,4495.71,3881.96,Jul,Sun
705,TXN_FIN_10705,ACC_0145,77,Investment,2024-11-06,Withdrawal,Mobile App,1140.07,Travel,0,47896.78,46756.71,Nov,Wed
706,TXN_FIN_10706,ACC_0069,38,Savings,2024-10-29,Withdrawal,Mobile App,54.43,Retail,0,37365.37,37310.94,Oct,Tue
707,TXN_FIN_10707,ACC_0101,54,Checking,2024-12-07,Deposit,ATM,170.54,Entertainment,0,1671.98,1501.44,Dec,Sat
708,TXN_FIN_10708,ACC_0196,71,Credit Card,2024-02-19,Withdrawal,ATM,467.0,unknown,0,44623.7,44156.7,Feb,Mon
709,TXN_FIN_10709,ACC_0154,64,Investment,2024-08-07,unknown,ATM,477.25,Utilities,0,35312.18,34834.93,Aug,Wed
710,TXN_FIN_10710,ACC_0127,32,Savings,2024-01-26,Withdrawal,Mobile App,950.84,Utilities,0,23088.78,22137.94,Jan,Fri
711,TXN_FIN_10711,ACC_0114,70,Credit Card,2024-03-09,Deposit,Mobile App,1323.22,Travel,0,32332.13,31008.91,Mar,Sat
712,TXN_FIN_10712,ACC_0146,51,Checking,2024-03-06,Withdrawal,Online Banking,628.21,Retail,0,1632.29,1004.0799999999999,Mar,Wed
713,TXN_FIN_10713,ACC_0169,33,Investment,2024-05-06,Deposit,ATM,50.99,Groceries,0,36044.0,35993.01,May,Mon
714,TXN_FIN_10714,ACC_0167,32,Credit Card,2024-05-14,Deposit,Online Banking,86.13,Retail,0,6562.96,6476.83,May,Tue
715,TXN_FIN_10715,ACC_0006,75,Savings,2024-02-13,Deposit,Branch,244.0,Retail,0,34144.9,33900.9,Feb,Tue
716,TXN_FIN_10716,ACC_0093,67,Investment,2024-06-30,Deposit,Mobile App,81.75,Utilities,0,10973.75,10892.0,Jun,Sun
717,TXN_FIN_10717,ACC_0073,18,Investment,2024-07-07,Deposit,ATM,27.4,Retail,0,34994.89,34967.49,Jul,Sun
718,TXN_FIN_10718,ACC_0123,42,Credit Card,2024-10-05,Withdrawal,ATM,916.22,Travel,0,34036.41,33120.19,Oct,Sat
719,TXN_FIN_10719,ACC_0070,51,Savings,2024-04-09,Transfer,Mobile App,162.16,Groceries,0,49123.96,48961.799999999996,Apr,Tue
720,TXN_FIN_10720,ACC_0101,67,Savings,2024-11-21,Withdrawal,Online Banking,922.76,Travel,0,41857.51,40934.75,Nov,Thu
721,TXN_FIN_10721,ACC_0011,48,Checking,2024-08-07,Deposit,Mobile App,529.08,Retail,0,16018.59,15489.51,Aug,Wed
722,TXN_FIN_10722,ACC_0063,33,Savings,2024-05-22,Transfer,Online Banking,1019.14,Entertainment,0,21023.79,20004.65,May,Wed
723,TXN_FIN_10723,ACC_0005,27,Savings,2024-01-21,Transfer,Mobile App,85.16,Entertainment,0,43512.01,43426.85,Jan,Sun
724,TXN_FIN_10724,ACC_0126,72,Checking,2024-03-04,Deposit,Online Banking,739.33,Entertainment,0,37490.78,36751.45,Mar,Mon
725,TXN_FIN_10725,ACC_0102,23,Checking,2024-04-30,Withdrawal,Online Banking,273.9,Entertainment,0,35418.2,35144.299999999996,Apr,Tue
726,TXN_FIN_10726,ACC_0069,48,Savings,2024-06-08,Transfer,Mobile App,500.79,Retail,0,10403.45,9902.66,Jun,Sat
727,TXN_FIN_10727,ACC_0127,58,Checking,2024-02-02,Deposit,Mobile App,582.34,Utilities,0,28428.22,27845.88,Feb,Fri
728,TXN_FIN_10728,ACC_0121,62,Checking,2024-11-26,unknown,Online Banking,1450.02,Travel,0,8962.77,7512.75,Nov,Tue
729,TXN_FIN_10729,ACC_0188,37,Credit Card,2024-05-12,Transfer,ATM,279.49,Retail,0,20476.28,20196.789999999997,May,Sun
730,TXN_FIN_10730,ACC_0147,33,Savings,2024-09-05,Withdrawal,Online Banking,316.25,Groceries,0,13171.17,12854.92,Sep,Thu
731,TXN_FIN_10731,ACC_0197,68,Checking,2024-06-11,Deposit,Online Banking,145.31,Groceries,0,46808.77,46663.46,Jun,Tue
732,TXN_FIN_10732,ACC_0014,41,Investment,2024-03-04,Payment,Mobile App,182.86,Retail,0,21552.99,21370.13,Mar,Mon
733,TXN_FIN_10733,ACC_0158,73,Checking,2024-11-18,Payment,ATM,687.11,Entertainment,0,36264.73,35577.62,Nov,Mon
734,TXN_FIN_10734,ACC_0115,72,Savings,2024-10-02,Transfer,Online Banking,85.25,Utilities,0,40944.58,40859.33,Oct,Wed
735,TXN_FIN_10735,ACC_0161,36,Checking,2024-04-05,Payment,Online Banking,717.14,Travel,0,31457.01,30739.87,Apr,Fri
736,TXN_FIN_10736,ACC_0081,54,Checking,2024-03-21,Deposit,Online Banking,553.19,Retail,0,1733.33,1180.1399999999999,Mar,Thu
737,TXN_FIN_10737,ACC_0112,28,Investment,2024-08-12,unknown,Mobile App,795.05,Entertainment,0,8311.1,7516.05,Aug,Mon
738,TXN_FIN_10738,ACC_0093,75,Checking,2024-09-26,Payment,Mobile App,688.04,Groceries,0,15877.62,15189.580000000002,Sep,Thu
739,TXN_FIN_10739,ACC_0041,79,Savings,2024-06-24,Withdrawal,Mobile App,417.96,Retail,0,858.32,440.36000000000007,Jun,Mon
740,TXN_FIN_10740,ACC_0009,40,Savings,2024-02-10,Withdrawal,ATM,43.98,Travel,0,41720.78,41676.799999999996,Feb,Sat
741,TXN_FIN_10741,ACC_0131,76,Savings,2024-06-03,Withdrawal,Mobile App,477.14,Groceries,0,36404.92,35927.78,Jun,Mon
742,TXN_FIN_10742,ACC_0039,56,Savings,2024-05-12,Deposit,ATM,261.2,Groceries,0,19357.77,19096.57,May,Sun
743,TXN_FIN_10743,ACC_0157,18,Checking,2024-04-18,Deposit,Mobile App,259.59,Travel,0,7007.77,6748.18,Apr,Thu
744,TXN_FIN_10744,ACC_0036,74,Checking,2024-03-19,Payment,Mobile App,177.3,Entertainment,0,38263.46,38086.159999999996,Mar,Tue
745,TXN_FIN_10745,ACC_0001,40,Savings,2024-04-27,Payment,Mobile App,546.9,Groceries,0,7507.52,6960.620000000001,Apr,Sat
746,TXN_FIN_10746,ACC_0059,26,Checking,2024-05-19,Payment,Mobile App,371.15,Utilities,0,27595.48,27224.329999999998,May,Sun
747,TXN_FIN_10747,ACC_0015,61,Checking,2024-11-20,Deposit,ATM,477.03,Groceries,0,30423.7,29946.670000000002,Nov,Wed
748,TXN_FIN_10748,ACC_0051,70,Checking,2024-04-20,Transfer,Mobile App,317.06,Retail,0,38117.13,37800.07,Apr,Sat
749,TXN_FIN_10749,ACC_0146,38,Savings,2024-08-23,Deposit,Mobile App,559.72,Travel,0,19170.33,18610.61,Aug,Fri
750,TXN_FIN_10750,ACC_0196,29,Investment,2024-06-13,unknown,Mobile App,817.92,Entertainment,0,39438.13,38620.21,Jun,Thu
751,TXN_FIN_10751,ACC_0046,65,Checking,2024-10-10,Payment,Branch,600.48,Utilities,0,16051.77,15451.29,Oct,Thu
752,TXN_FIN_10752,ACC_0084,28,Checking,2024-01-16,Transfer,ATM,116.88,Travel,0,14266.65,14149.77,Jan,Tue
753,TXN_FIN_10753,ACC_0005,33,Savings,2024-09-14,Deposit,Mobile App,978.59,Retail,0,3794.9,2816.31,Sep,Sat
754,TXN_FIN_10754,ACC_0168,56,Credit Card,2024-07-23,Deposit,Mobile App,250.79,Utilities,0,34984.61,34733.82,Jul,Tue
755,TXN_FIN_10755,ACC_0171,56,Checking,2024-08-14,Withdrawal,Mobile App,500.93,Retail,0,16291.08,15790.15,Aug,Wed
756,TXN_FIN_10756,ACC_0058,38,Checking,2024-08-01,Deposit,ATM,748.58,Retail,0,32062.95,31314.37,Aug,Thu
757,TXN_FIN_10757,ACC_0063,25,Savings,2024-08-26,Payment,ATM,380.4,Groceries,0,43221.98,42841.58,Aug,Mon
758,TXN_FIN_10758,ACC_0084,33,Investment,2024-05-13,Deposit,Mobile App,791.77,Entertainment,0,24237.33,23445.56,May,Mon
759,TXN_FIN_10759,ACC_0075,23,Savings,2024-08-19,Withdrawal,Mobile App,22.53,Groceries,0,44121.22,44098.69,Aug,Mon
760,TXN_FIN_10760,ACC_0021,44,Checking,2024-08-22,Payment,Mobile App,25.32,Retail,0,47726.6,47701.28,Aug,Thu
761,TXN_FIN_10761,ACC_0101,71,Savings,2024-10-10,Transfer,Mobile App,504.64,Groceries,0,3266.8,2762.1600000000003,Oct,Thu
762,TXN_FIN_10762,ACC_0191,66,Credit Card,2024-03-30,Deposit,Mobile App,1512.84,Utilities,0,29259.48,27746.64,Mar,Sat
763,TXN_FIN_10763,ACC_0022,39,Savings,2024-01-22,Withdrawal,ATM,927.26,Retail,0,32386.85,31459.59,Jan,Mon
764,TXN_FIN_10764,ACC_0121,54,Credit Card,2024-07-18,Transfer,Mobile App,1316.86,Travel,0,13984.84,12667.98,Jul,Thu
765,TXN_FIN_10765,ACC_0134,74,Checking,2024-08-13,Transfer,ATM,67.93,Utilities,0,34629.88,34561.95,Aug,Tue
766,TXN_FIN_10766,ACC_0033,38,Savings,2024-01-15,Payment,Online Banking,201.32,Travel,0,11299.38,11098.06,Jan,Mon
767,TXN_FIN_10767,ACC_0165,39,Checking,2024-10-31,Payment,Mobile App,271.5,Entertainment,0,24116.7,23845.2,Oct,Thu
768,TXN_FIN_10768,ACC_0023,75,Savings,2024-01-31,Transfer,Online Banking,773.9,Entertainment,0,29147.52,28373.62,Jan,Wed
769,TXN_FIN_10769,ACC_0065,73,Checking,2024-06-12,Deposit,ATM,155.31,Groceries,0,31019.12,30863.809999999998,Jun,Wed
770,TXN_FIN_10770,ACC_0025,27,Credit Card,2024-05-21,Deposit,Branch,18.23,Retail,0,40102.01,40083.78,May,Tue
771,TXN_FIN_10771,ACC_0071,70,Savings,2024-04-09,Deposit,Online Banking,270.83,Utilities,1,31585.05,31314.219999999998,Apr,Tue
772,TXN_FIN_10772,ACC_0095,72,Checking,2024-04-21,unknown,Mobile App,474.26,Utilities,0,14247.23,13772.97,Apr,Sun
773,TXN_FIN_10773,ACC_0081,34,Checking,2024-10-26,Transfer,Mobile App,416.07,Entertainment,0,33519.62,33103.55,Oct,Sat
774,TXN_FIN_10774,ACC_0065,64,Checking,2024-07-26,Transfer,Mobile App,17.92,Travel,0,13128.27,13110.35,Jul,Fri
775,TXN_FIN_10775,ACC_0156,54,Investment,2024-02-03,Deposit,Online Banking,91.82,Travel,0,34054.0,33962.18,Feb,Sat
776,TXN_FIN_10776,ACC_0150,72,Savings,2024-03-21,Withdrawal,Mobile App,378.59,Retail,0,49100.16,48721.57000000001,Mar,Thu
777,TXN_FIN_10777,ACC_0116,79,Checking,2024-02-06,Withdrawal,Mobile App,132.12,Groceries,0,31434.39,31302.27,Feb,Tue
778,TXN_FIN_10778,ACC_0043,37,Credit Card,2024-07-10,Payment,Online Banking,1285.14,Entertainment,0,46413.42,45128.28,Jul,Wed
779,TXN_FIN_10779,ACC_0054,20,Savings,2024-10-25,Deposit,Online Banking,18.02,unknown,0,25390.4,25372.38,Oct,Fri
780,TXN_FIN_10780,ACC_0091,45,Credit Card,2024-06-01,Deposit,Branch,108.65,Utilities,0,43628.46,43519.81,Jun,Sat
781,TXN_FIN_10781,ACC_0110,34,Checking,2024-06-09,Payment,Mobile App,2252.43,Utilities,0,9947.41,7694.98,Jun,Sun
782,TXN_FIN_10782,ACC_0180,19,Savings,2024-04-09,Payment,Online Banking,1001.92,Groceries,0,11128.25,10126.33,Apr,Tue
783,TXN_FIN_10783,ACC_0029,54,Credit Card,2024-05-06,Withdrawal,Mobile App,997.6,Retail,0,2629.33,1631.73,May,Mon
784,TXN_FIN_10784,ACC_0193,53,Investment,2024-11-08,Withdrawal,ATM,810.14,Groceries,0,5933.62,5123.48,Nov,Fri
785,TXN_FIN_10785,ACC_0165,58,Savings,2024-12-15,Payment,ATM,255.15,unknown,0,3642.58,3387.43,Dec,Sun
786,TXN_FIN_10786,ACC_0181,63,Savings,2024-12-31,Transfer,Mobile App,175.06,Groceries,1,18482.14,18307.079999999998,Dec,Tue
787,TXN_FIN_10787,ACC_0013,32,Checking,2024-04-22,Withdrawal,Online Banking,89.38,Groceries,0,25984.07,25894.69,Apr,Mon
788,TXN_FIN_10788,ACC_0161,54,Savings,2024-05-04,Transfer,Online Banking,40.51,Retail,0,44798.64,44758.13,May,Sat
789,TXN_FIN_10789,ACC_0155,35,Checking,2024-06-04,Deposit,Online Banking,308.07,Groceries,0,9792.18,9484.11,Jun,Tue
790,TXN_FIN_10790,ACC_0103,62,Credit Card,2024-06-06,Deposit,Online Banking,25.15,Retail,0,11053.21,11028.06,Jun,Thu
791,TXN_FIN_10791,ACC_0132,56,Savings,2024-03-28,Payment,Mobile App,1010.96,Utilities,0,5953.43,4942.47,Mar,Thu
792,TXN_FIN_10792,ACC_0156,59,Savings,2024-10-03,Transfer,Mobile App,38.15,Retail,0,26697.4,26659.25,Oct,Thu
793,TXN_FIN_10793,ACC_0192,79,Savings,2024-10-29,Withdrawal,Branch,79.28,Groceries,0,24601.93,24522.65,Oct,Tue
794,TXN_FIN_10794,ACC_0130,70,Savings,2024-11-04,Transfer,Mobile App,139.16,Travel,0,10115.02,9975.86,Nov,Mon
795,TXN_FIN_10795,ACC_0018,34,Credit Card,2024-11-03,Withdrawal,ATM,209.71,Entertainment,0,14097.06,13887.35,Nov,Sun
796,TXN_FIN_10796,ACC_0017,74,Savings,2024-12-23,Withdrawal,ATM,571.53,Retail,0,30805.67,30234.14,Dec,Mon
797,TXN_FIN_10797,ACC_0151,73,Savings,2024-10-11,Withdrawal,Mobile App,474.76,Utilities,0,3685.15,3210.3900000000003,Oct,Fri
798,TXN_FIN_10798,ACC_0030,39,Savings,2024-02-04,Withdrawal,Mobile App,32.36,Retail,0,29361.63,29329.27,Feb,Sun
799,TXN_FIN_10799,ACC_0077,38,Checking,2024-03-17,Withdrawal,Branch,2152.64,Groceries,0,23873.7,21721.06,Mar,Sun
800,TXN_FIN_10800,ACC_0189,43,Savings,2024-01-16,Withdrawal,Mobile App,95.88,Utilities,0,38014.78,37918.9,Jan,Tue
801,TXN_FIN_10801,ACC_0148,67,Savings,2024-06-06,Withdrawal,Online Banking,236.81,Groceries,0,17081.98,16845.17,Jun,Thu
802,TXN_FIN_10802,ACC_0144,55,Credit Card,2024-05-06,Withdrawal,ATM,623.82,Entertainment,0,49089.96,48466.14,May,Mon
803,TXN_FIN_10803,ACC_0119,34,Savings,2024-11-27,Payment,Online Banking,48.87,Entertainment,0,13514.02,13465.15,Nov,Wed
804,TXN_FIN_10804,ACC_0158,26,Checking,2024-12-03,Withdrawal,Online Banking,307.84,Groceries,0,12795.49,12487.65,Dec,Tue
805,TXN_FIN_10805,ACC_0131,73,Savings,2024-08-18,Withdrawal,Online Banking,8.98,Entertainment,0,24115.64,24106.66,Aug,Sun
806,TXN_FIN_10806,ACC_0138,29,Investment,2024-04-13,Deposit,Mobile App,598.21,Travel,0,12886.84,12288.630000000001,Apr,Sat
807,TXN_FIN_10807,ACC_0112,70,Checking,2024-05-13,Deposit,Mobile App,245.96,Utilities,0,49074.43,48828.47,May,Mon
808,TXN_FIN_10808,ACC_0133,69,Checking,2024-06-29,Deposit,Mobile App,516.65,Utilities,0,7598.08,7081.43,Jun,Sat
809,TXN_FIN_10809,ACC_0189,18,Savings,2024-09-17,Withdrawal,Branch,844.34,Utilities,0,2897.89,2053.5499999999997,Sep,Tue
810,TXN_FIN_10810,ACC_0188,18,Credit Card,2024-11-07,Withdrawal,Mobile App,296.55,Utilities,1,17144.79,16848.24,Nov,Thu
811,TXN_FIN_10811,ACC_0197,63,Checking,2024-07-07,Transfer,Online Banking,126.88,Groceries,0,17791.07,17664.19,Jul,Sun
812,TXN_FIN_10812,ACC_0067,77,Savings,2024-02-10,Deposit,Branch,344.39,Retail,0,25444.82,25100.43,Feb,Sat
813,TXN_FIN_10813,ACC_0095,28,Checking,2024-02-01,Withdrawal,Branch,679.32,Groceries,0,714.1,34.77999999999997,Feb,Thu
814,TXN_FIN_10814,ACC_0165,56,Checking,2024-09-29,Payment,Mobile App,378.29,Utilities,0,1582.29,1204.0,Sep,Sun
815,TXN_FIN_10815,ACC_0120,40,Savings,2024-10-16,unknown,Mobile App,1797.69,Groceries,0,41798.47,40000.78,Oct,Wed
816,TXN_FIN_10816,ACC_0185,47,Checking,2024-01-21,Payment,Online Banking,286.14,Utilities,0,9975.81,9689.67,Jan,Sun
817,TXN_FIN_10817,ACC_0076,20,Savings,2024-05-19,Deposit,Mobile App,465.71,Groceries,0,31812.26,31346.55,May,Sun
818,TXN_FIN_10818,ACC_0091,48,Savings,2024-09-29,Payment,ATM,638.59,Retail,0,16060.32,15421.73,Sep,Sun
819,TXN_FIN_10819,ACC_0052,47,Savings,2024-04-30,Withdrawal,Mobile App,42.08,Travel,0,5936.11,5894.03,Apr,Tue
820,TXN_FIN_10820,ACC_0123,78,Credit Card,2024-07-15,Withdrawal,Mobile App,734.68,Entertainment,0,21876.29,21141.61,Jul,Mon
821,TXN_FIN_10821,ACC_0023,62,Credit Card,2024-10-09,Transfer,Online Banking,275.7,Groceries,0,22651.85,22376.149999999998,Oct,Wed
822,TXN_FIN_10822,ACC_0196,22,Checking,2024-04-06,Withdrawal,Mobile App,56.93,Utilities,0,4759.13,4702.2,Apr,Sat
823,TXN_FIN_10823,ACC_0075,40,Savings,2024-04-17,Deposit,Online Banking,489.14,Groceries,0,38829.41,38340.270000000004,Apr,Wed
824,TXN_FIN_10824,ACC_0162,58,Investment,2024-02-02,unknown,Online Banking,537.41,Groceries,0,20071.92,19534.51,Feb,Fri
825,TXN_FIN_10825,ACC_0012,44,Checking,2024-02-20,Payment,Mobile App,1074.75,Retail,0,5268.76,4194.01,Feb,Tue
826,TXN_FIN_10826,ACC_0143,57,Savings,2024-03-03,Withdrawal,Mobile App,789.0,Entertainment,0,40105.77,39316.77,Mar,Sun
827,TXN_FIN_10827,ACC_0050,69,Savings,2024-05-28,Deposit,Mobile App,24.1,Utilities,0,43859.57,43835.47,May,Tue
828,TXN_FIN_10828,ACC_0105,73,Savings,2024-12-26,Withdrawal,Mobile App,209.48,Groceries,0,36233.95,36024.469999999994,Dec,Thu
829,TXN_FIN_10829,ACC_0011,62,Credit Card,2024-11-14,Deposit,Mobile App,37.84,Utilities,0,36969.5,36931.66,Nov,Thu
830,TXN_FIN_10830,ACC_0196,20,Savings,2024-02-28,Deposit,Online Banking,80.71,Utilities,0,11862.97,11782.26,Feb,Wed
831,TXN_FIN_10831,ACC_0132,47,Checking,2024-02-22,Deposit,ATM,364.78,Groceries,0,17429.45,17064.670000000002,Feb,Thu
832,TXN_FIN_10832,ACC_0185,56,Savings,2024-01-09,unknown,Online Banking,423.23,Groceries,0,12374.48,11951.25,Jan,Tue
833,TXN_FIN_10833,ACC_0038,60,Checking,2024-09-24,Withdrawal,Mobile App,179.53,Entertainment,0,838.22,658.69,Sep,Tue
834,TXN_FIN_10834,ACC_0196,55,Checking,2024-01-31,Withdrawal,Mobile App,615.3,Entertainment,0,16176.22,15560.92,Jan,Wed
835,TXN_FIN_10835,ACC_0069,65,Savings,2024-12-28,Withdrawal,Branch,211.38,Entertainment,0,37388.04,37176.66,Dec,Sat
836,TXN_FIN_10836,ACC_0149,33,Savings,2024-12-24,Deposit,Mobile App,587.41,Utilities,0,2049.24,1461.83,Dec,Tue
837,TXN_FIN_10837,ACC_0170,47,Checking,2024-06-20,Withdrawal,Mobile App,630.23,Groceries,0,37166.75,36536.52,Jun,Thu
838,TXN_FIN_10838,ACC_0019,59,Checking,2024-09-26,Deposit,Mobile App,451.53,Entertainment,0,49044.69,48593.16,Sep,Thu
839,TXN_FIN_10839,ACC_0200,30,Checking,2024-03-26,Withdrawal,Branch,142.6,Entertainment,0,2309.99,2167.39,Mar,Tue
840,TXN_FIN_10840,ACC_0125,64,Savings,2024-01-03,Withdrawal,ATM,540.93,Entertainment,0,31153.07,30612.14,Jan,Wed
841,TXN_FIN_10841,ACC_0010,32,Credit Card,2024-03-29,Deposit,Mobile App,1362.35,Groceries,0,44385.09,43022.74,Mar,Fri
842,TXN_FIN_10842,ACC_0021,51,Savings,2024-06-11,Withdrawal,Branch,140.32,Groceries,0,7268.39,7128.070000000001,Jun,Tue
843,TXN_FIN_10843,ACC_0067,23,Savings,2024-10-06,Payment,ATM,29.0,Utilities,0,16258.77,16229.77,Oct,Sun
844,TXN_FIN_10844,ACC_0192,73,Checking,2024-12-10,Withdrawal,Online Banking,339.2,unknown,0,13359.03,13019.83,Dec,Tue
845,TXN_FIN_10845,ACC_0085,37,Checking,2024-12-31,Deposit,Online Banking,102.03,Entertainment,0,24939.46,24837.43,Dec,Tue
846,TXN_FIN_10846,ACC_0029,30,Savings,2024-02-08,Transfer,Online Banking,149.73,Groceries,0,34801.16,34651.43,Feb,Thu
847,TXN_FIN_10847,ACC_0195,45,Credit Card,2024-12-07,Withdrawal,Mobile App,367.16,Retail,0,7863.41,7496.25,Dec,Sat
848,TXN_FIN_10848,ACC_0019,39,Checking,2024-01-20,Withdrawal,Online Banking,120.21,Entertainment,0,46943.92,46823.71,Jan,Sat
849,TXN_FIN_10849,ACC_0175,28,Checking,2024-02-01,Payment,Online Banking,479.16,Travel,0,23091.17,22612.01,Feb,Thu
850,TXN_FIN_10850,ACC_0128,60,Savings,2024-09-24,Transfer,ATM,687.81,Retail,0,33653.59,32965.78,Sep,Tue
851,TXN_FIN_10851,ACC_0048,35,Checking,2024-06-16,Withdrawal,ATM,324.63,Travel,0,8021.08,7696.45,Jun,Sun
852,TXN_FIN_10852,ACC_0072,74,Savings,2024-02-14,Transfer,Mobile App,96.87,unknown,0,11825.94,11729.07,Feb,Wed
853,TXN_FIN_10853,ACC_0134,31,Checking,2024-03-16,Transfer,Branch,149.35,Utilities,0,18717.54,18568.190000000002,Mar,Sat
854,TXN_FIN_10854,ACC_0096,65,Savings,2024-11-11,Payment,Mobile App,399.13,Entertainment,0,32305.06,31905.93,Nov,Mon
855,TXN_FIN_10855,ACC_0024,42,Checking,2024-03-24,Withdrawal,Mobile App,287.87,Utilities,1,11263.9,10976.029999999999,Mar,Sun
856,TXN_FIN_10856,ACC_0019,32,Checking,2024-10-27,Payment,Online Banking,1014.23,unknown,0,28188.5,27174.27,Oct,Sun
857,TXN_FIN_10857,ACC_0135,66,Checking,2024-08-31,Deposit,Mobile App,1216.67,unknown,0,43111.25,41894.58,Aug,Sat
858,TXN_FIN_10858,ACC_0104,39,Checking,2024-10-18,Transfer,Mobile App,256.4,Travel,0,34281.83,34025.43,Oct,Fri
859,TXN_FIN_10859,ACC_0158,54,Credit Card,2024-02-13,Deposit,Mobile App,62.66,Utilities,0,15497.37,15434.710000000001,Feb,Tue
860,TXN_FIN_10860,ACC_0156,48,Savings,2024-09-17,Deposit,ATM,372.51,Groceries,0,7382.75,7010.24,Sep,Tue
861,TXN_FIN_10861,ACC_0090,42,Checking,2024-02-10,Withdrawal,ATM,169.28,Groceries,0,45248.96,45079.68,Feb,Sat
862,TXN_FIN_10862,ACC_0175,27,Checking,2024-09-28,Transfer,Mobile App,1021.3,Retail,0,35885.51,34864.21,Sep,Sat
863,TXN_FIN_10863,ACC_0189,43,Savings,2024-09-10,Payment,Online Banking,71.42,Entertainment,0,37048.74,36977.32,Sep,Tue
864,TXN_FIN_10864,ACC_0137,54,Credit Card,2024-10-18,Deposit,Mobile App,6.37,Retail,0,13523.86,13517.49,Oct,Fri
865,TXN_FIN_10865,ACC_0038,38,Checking,2024-04-14,Withdrawal,ATM,199.81,Utilities,0,10954.39,10754.58,Apr,Sun
866,TXN_FIN_10866,ACC_0192,75,Savings,2024-08-16,unknown,Mobile App,1039.68,Entertainment,0,8751.41,7711.73,Aug,Fri
867,TXN_FIN_10867,ACC_0105,56,Savings,2024-07-18,Transfer,Branch,376.76,Entertainment,0,4118.84,3742.08,Jul,Thu
868,TXN_FIN_10868,ACC_0135,25,Investment,2024-02-20,Withdrawal,Online Banking,610.81,Entertainment,0,16190.56,15579.75,Feb,Tue
869,TXN_FIN_10869,ACC_0166,33,Savings,2024-10-04,Transfer,Mobile App,714.67,Retail,0,31996.37,31281.7,Oct,Fri
870,TXN_FIN_10870,ACC_0117,62,Investment,2024-09-20,Transfer,Online Banking,256.61,Entertainment,0,23149.27,22892.66,Sep,Fri
871,TXN_FIN_10871,ACC_0040,62,Checking,2024-09-04,Transfer,ATM,1043.67,Utilities,0,5213.61,4169.94,Sep,Wed
872,TXN_FIN_10872,ACC_0104,65,Savings,2024-12-27,Payment,Mobile App,158.18,Groceries,0,41429.06,41270.88,Dec,Fri
873,TXN_FIN_10873,ACC_0164,34,Savings,2024-10-02,Deposit,ATM,479.51,Utilities,0,33824.79,33345.28,Oct,Wed
874,TXN_FIN_10874,ACC_0197,64,Savings,2024-12-18,Payment,Online Banking,322.07,Utilities,0,29799.31,29477.24,Dec,Wed
875,TXN_FIN_10875,ACC_0037,24,Checking,2024-09-27,Deposit,Mobile App,486.39,Groceries,0,23930.03,23443.64,Sep,Fri
876,TXN_FIN_10876,ACC_0116,78,Checking,2024-08-22,Withdrawal,Branch,256.69,unknown,0,5758.3,5501.610000000001,Aug,Thu
877,TXN_FIN_10877,ACC_0010,29,Savings,2024-07-20,Deposit,Mobile App,1015.1,Groceries,0,39398.68,38383.58,Jul,Sat
878,TXN_FIN_10878,ACC_0185,62,Investment,2024-07-10,Payment,Mobile App,596.78,Groceries,0,15887.98,15291.199999999999,Jul,Wed
879,TXN_FIN_10879,ACC_0102,18,Checking,2024-07-16,Withdrawal,Branch,82.63,Retail,0,43793.05,43710.420000000006,Jul,Tue
880,TXN_FIN_10880,ACC_0046,62,Checking,2024-03-05,Payment,Online Banking,268.62,Travel,0,19933.73,19665.11,Mar,Tue
881,TXN_FIN_10881,ACC_0116,50,Credit Card,2024-11-06,Deposit,ATM,320.0,Entertainment,0,32309.27,31989.27,Nov,Wed
882,TXN_FIN_10882,ACC_0030,38,Savings,2024-10-25,Transfer,Branch,1933.44,Groceries,0,19223.19,17289.75,Oct,Fri
883,TXN_FIN_10883,ACC_0121,43,Investment,2024-05-13,Withdrawal,Branch,142.19,Entertainment,0,26267.97,26125.780000000002,May,Mon
884,TXN_FIN_10884,ACC_0037,27,Savings,2024-09-12,Withdrawal,Mobile App,867.99,Groceries,0,36073.59,35205.6,Sep,Thu
885,TXN_FIN_10885,ACC_0033,60,Checking,2024-10-03,Withdrawal,ATM,13.15,Entertainment,0,18976.06,18962.91,Oct,Thu
886,TXN_FIN_10886,ACC_0063,60,Savings,2024-05-29,Transfer,Online Banking,242.52,Retail,0,9391.64,9149.119999999999,May,Wed
887,TXN_FIN_10887,ACC_0126,60,Savings,2024-07-27,Transfer,Mobile App,419.48,Entertainment,0,21421.07,21001.59,Jul,Sat
888,TXN_FIN_10888,ACC_0143,78,Savings,2024-01-10,Deposit,Mobile App,508.0,Utilities,0,45301.41,44793.41,Jan,Wed
889,TXN_FIN_10889,ACC_0189,52,Credit Card,2024-05-01,Deposit,Mobile App,626.29,Groceries,0,26037.4,25411.11,May,Wed
890,TXN_FIN_10890,ACC_0115,44,Checking,2024-11-16,Withdrawal,Online Banking,252.73,Retail,0,24234.97,23982.24,Nov,Sat
891,TXN_FIN_10891,ACC_0095,62,Savings,2024-04-05,Transfer,Online Banking,306.6,Travel,0,44434.61,44128.01,Apr,Fri
892,TXN_FIN_10892,ACC_0030,51,Savings,2024-04-20,Payment,ATM,642.86,Entertainment,0,31413.65,30770.79,Apr,Sat
893,TXN_FIN_10893,ACC_0114,72,Credit Card,2024-05-25,Withdrawal,Online Banking,1188.85,Utilities,0,42259.72,41070.87,May,Sat
894,TXN_FIN_10894,ACC_0071,73,Savings,2024-04-08,Withdrawal,Mobile App,771.75,Groceries,0,5855.26,5083.51,Apr,Mon
895,TXN_FIN_10895,ACC_0063,39,Checking,2024-08-30,Withdrawal,Mobile App,378.52,Travel,0,29691.88,29313.36,Aug,Fri
896,TXN_FIN_10896,ACC_0184,25,Checking,2024-04-05,Deposit,Mobile App,830.37,Entertainment,0,2077.28,1246.9100000000003,Apr,Fri
897,TXN_FIN_10897,ACC_0153,46,Checking,2024-08-29,Deposit,Mobile App,503.21,Groceries,0,37477.23,36974.020000000004,Aug,Thu
898,TXN_FIN_10898,ACC_0100,78,Investment,2024-02-24,Withdrawal,Mobile App,1167.94,Entertainment,0,7841.1,6673.16,Feb,Sat
899,TXN_FIN_10899,ACC_0004,48,Checking,2024-07-08,Deposit,Online Banking,465.76,Entertainment,0,49462.21,48996.45,Jul,Mon
900,TXN_FIN_10900,ACC_0103,33,Credit Card,2024-03-13,Payment,Mobile App,76.79,Groceries,0,32118.65,32041.86,Mar,Wed
901,TXN_FIN_10901,ACC_0163,28,Investment,2024-12-06,Transfer,Mobile App,495.92,Retail,0,29596.75,29100.83,Dec,Fri
902,TXN_FIN_10902,ACC_0090,22,Checking,2024-12-18,Deposit,ATM,237.78,unknown,0,31743.26,31505.48,Dec,Wed
903,TXN_FIN_10903,ACC_0090,59,Credit Card,2024-06-21,Deposit,Mobile App,6.01,Groceries,1,42944.91,42938.9,Jun,Fri
904,TXN_FIN_10904,ACC_0001,31,Checking,2024-11-02,Transfer,Online Banking,530.75,Travel,0,25303.8,24773.05,Nov,Sat
905,TXN_FIN_10905,ACC_0102,55,Credit Card,2024-03-03,Transfer,Branch,262.01,Entertainment,0,28422.71,28160.7,Mar,Sun
906,TXN_FIN_10906,ACC_0102,28,Checking,2024-08-18,Withdrawal,Online Banking,235.81,Groceries,0,6314.77,6078.96,Aug,Sun
907,TXN_FIN_10907,ACC_0088,69,Savings,2024-10-23,Payment,Mobile App,994.49,Retail,0,14523.21,13528.72,Oct,Wed
908,TXN_FIN_10908,ACC_0058,65,Savings,2024-04-24,Deposit,Mobile App,957.05,Retail,0,24941.2,23984.15,Apr,Wed
909,TXN_FIN_10909,ACC_0176,39,Credit Card,2024-08-22,Transfer,Mobile App,931.82,Entertainment,0,16723.83,15792.010000000002,Aug,Thu
910,TXN_FIN_10910,ACC_0045,76,Savings,2024-09-30,Deposit,Online Banking,496.09,Entertainment,1,8378.02,7881.93,Sep,Mon
911,TXN_FIN_10911,ACC_0026,66,Credit Card,2024-11-04,Deposit,Branch,950.54,Utilities,0,15802.12,14851.580000000002,Nov,Mon
912,TXN_FIN_10912,ACC_0185,48,Checking,2024-10-01,Payment,Mobile App,155.67,Groceries,0,8661.41,8505.74,Oct,Tue
913,TXN_FIN_10913,ACC_0099,71,Savings,2024-01-06,Withdrawal,Online Banking,591.36,Entertainment,0,1339.95,748.59,Jan,Sat
914,TXN_FIN_10914,ACC_0112,76,Investment,2024-10-26,Deposit,Online Banking,1307.99,Utilities,0,28397.26,27089.269999999997,Oct,Sat
915,TXN_FIN_10915,ACC_0084,44,Checking,2024-04-22,Transfer,Mobile App,786.4,Groceries,0,16878.17,16091.769999999999,Apr,Mon
916,TXN_FIN_10916,ACC_0042,59,Savings,2024-09-15,Withdrawal,Online Banking,1266.78,Utilities,0,31650.4,30383.620000000003,Sep,Sun
917,TXN_FIN_10917,ACC_0020,18,Credit Card,2024-01-20,Withdrawal,Mobile App,624.04,Retail,0,8732.95,8108.910000000001,Jan,Sat
918,TXN_FIN_10918,ACC_0063,58,Investment,2024-09-26,unknown,Online Banking,30.21,Travel,0,11555.8,11525.59,Sep,Thu
919,TXN_FIN_10919,ACC_0016,57,Savings,2024-01-28,Deposit,Online Banking,193.34,Utilities,0,37938.12,37744.780000000006,Jan,Sun
920,TXN_FIN_10920,ACC_0031,26,Investment,2024-07-14,Transfer,ATM,504.19,Entertainment,0,30869.24,30365.050000000003,Jul,Sun
921,TXN_FIN_10921,ACC_0086,18,Credit Card,2024-07-05,Deposit,Online Banking,375.56,Utilities,0,3720.35,3344.79,Jul,Fri
922,TXN_FIN_10922,ACC_0184,58,Checking,2024-12-07,Payment,Online Banking,952.77,Retail,0,10938.39,9985.619999999999,Dec,Sat
923,TXN_FIN_10923,ACC_0157,79,Investment,2024-08-12,Withdrawal,Mobile App,927.26,Retail,0,39473.49,38546.229999999996,Aug,Mon
924,TXN_FIN_10924,ACC_0140,69,Savings,2024-12-16,Payment,Mobile App,354.8,unknown,0,23015.22,22660.420000000002,Dec,Mon
925,TXN_FIN_10925,ACC_0109,55,Checking,2024-05-22,Transfer,Mobile App,38.04,Utilities,0,31236.32,31198.28,May,Wed
926,TXN_FIN_10926,ACC_0108,18,Checking,2024-01-08,Transfer,Online Banking,193.78,Groceries,0,13628.24,13434.46,Jan,Mon
927,TXN_FIN_10927,ACC_0130,32,Investment,2024-04-16,Withdrawal,Mobile App,179.96,Utilities,0,16800.65,16620.690000000002,Apr,Tue
928,TXN_FIN_10928,ACC_0074,21,Savings,2024-05-13,unknown,Mobile App,962.59,Entertainment,0,27214.18,26251.59,May,Mon
929,TXN_FIN_10929,ACC_0190,32,Savings,2024-11-08,Withdrawal,Branch,47.14,Retail,0,7992.91,7945.7699999999995,Nov,Fri
930,TXN_FIN_10930,ACC_0122,44,Savings,2024-07-16,Deposit,Online Banking,1.2,Groceries,0,15417.53,15416.33,Jul,Tue
931,TXN_FIN_10931,ACC_0121,76,Credit Card,2024-06-09,Payment,Mobile App,576.36,Utilities,0,33303.41,32727.050000000003,Jun,Sun
932,TXN_FIN_10932,ACC_0147,68,Checking,2024-11-05,Withdrawal,Online Banking,260.82,Entertainment,0,40805.81,40544.99,Nov,Tue
933,TXN_FIN_10933,ACC_0178,76,Credit Card,2024-12-21,Payment,Online Banking,375.62,unknown,0,47411.93,47036.31,Dec,Sat
934,TXN_FIN_10934,ACC_0022,32,Credit Card,2024-07-26,Withdrawal,Mobile App,22.95,Groceries,0,1396.28,1373.33,Jul,Fri
935,TXN_FIN_10935,ACC_0001,27,Savings,2024-11-07,unknown,Online Banking,740.96,Groceries,0,35581.85,34840.89,Nov,Thu
936,TXN_FIN_10936,ACC_0058,52,Credit Card,2024-08-22,Deposit,Online Banking,863.55,Retail,0,41246.86,40383.31,Aug,Thu
937,TXN_FIN_10937,ACC_0068,35,Savings,2024-12-16,Withdrawal,Online Banking,241.6,Utilities,0,6033.51,5791.91,Dec,Mon
938,TXN_FIN_10938,ACC_0138,24,Savings,2024-07-11,Deposit,Branch,894.1,Groceries,0,19325.83,18431.730000000003,Jul,Thu
939,TXN_FIN_10939,ACC_0198,31,Savings,2024-05-07,Deposit,Mobile App,332.66,unknown,0,4849.37,4516.71,May,Tue
940,TXN_FIN_10940,ACC_0072,36,Checking,2024-04-20,Deposit,Mobile App,849.24,Utilities,0,18322.61,17473.37,Apr,Sat
941,TXN_FIN_10941,ACC_0078,19,Savings,2024-04-17,Payment,ATM,168.08,Utilities,0,42144.55,41976.47,Apr,Wed
942,TXN_FIN_10942,ACC_0042,52,Checking,2024-02-22,Withdrawal,Mobile App,517.44,unknown,0,36627.6,36110.159999999996,Feb,Thu
943,TXN_FIN_10943,ACC_0146,24,Checking,2024-11-08,Deposit,Mobile App,86.37,Travel,0,28530.28,28443.91,Nov,Fri
944,TXN_FIN_10944,ACC_0180,69,Savings,2024-06-05,Transfer,Online Banking,611.56,Utilities,0,23334.74,22723.18,Jun,Wed
945,TXN_FIN_10945,ACC_0089,53,Savings,2024-12-11,unknown,Branch,225.47,Groceries,0,30513.49,30288.02,Dec,Wed
946,TXN_FIN_10946,ACC_0013,26,Savings,2024-06-29,Transfer,ATM,299.97,Entertainment,0,48874.12,48574.15,Jun,Sat
947,TXN_FIN_10947,ACC_0057,52,Credit Card,2024-08-05,Withdrawal,Online Banking,30.56,Retail,0,26131.06,26100.5,Aug,Mon
948,TXN_FIN_10948,ACC_0085,75,Checking,2024-02-27,Deposit,Branch,875.46,Groceries,0,8032.1,7156.64,Feb,Tue
949,TXN_FIN_10949,ACC_0184,19,Credit Card,2024-12-06,Payment,Mobile App,366.46,Travel,0,31029.53,30663.07,Dec,Fri
950,TXN_FIN_10950,ACC_0106,44,Savings,2024-03-22,Deposit,Online Banking,785.11,Utilities,0,27822.83,27037.72,Mar,Fri
951,TXN_FIN_10951,ACC_0055,33,Savings,2024-10-23,Payment,Online Banking,704.68,Groceries,0,39293.45,38588.77,Oct,Wed
952,TXN_FIN_10952,ACC_0147,22,Checking,2024-07-02,Payment,Mobile App,242.36,Travel,0,2855.94,2613.58,Jul,Tue
953,TXN_FIN_10953,ACC_0057,59,Savings,2024-01-01,Withdrawal,Online Banking,320.91,Groceries,0,4812.72,4491.81,Jan,Mon
954,TXN_FIN_10954,ACC_0044,59,Investment,2024-02-06,Withdrawal,Branch,46.35,Entertainment,0,38037.53,37991.18,Feb,Tue
955,TXN_FIN_10955,ACC_0142,49,Savings,2024-02-19,Withdrawal,Mobile App,71.31,unknown,0,40641.2,40569.89,Feb,Mon
956,TXN_FIN_10956,ACC_0060,70,Investment,2024-07-08,Withdrawal,Mobile App,988.92,Retail,0,37915.6,36926.68,Jul,Mon
957,TXN_FIN_10957,ACC_0065,45,Savings,2024-01-02,Transfer,Online Banking,298.26,Entertainment,0,27948.04,27649.780000000002,Jan,Tue
958,TXN_FIN_10958,ACC_0021,60,Checking,2024-07-31,Payment,Mobile App,22.05,Travel,0,25445.17,25423.12,Jul,Wed
959,TXN_FIN_10959,ACC_0133,61,Savings,2024-07-01,Withdrawal,ATM,555.53,Groceries,0,16612.81,16057.28,Jul,Mon
960,TXN_FIN_10960,ACC_0194,50,Credit Card,2024-03-24,Withdrawal,Mobile App,637.63,Utilities,0,43647.85,43010.22,Mar,Sun
961,TXN_FIN_10961,ACC_0169,62,Savings,2024-06-02,Deposit,Online Banking,629.69,Entertainment,0,49368.42,48738.729999999996,Jun,Sun
962,TXN_FIN_10962,ACC_0008,62,Credit Card,2024-08-15,Payment,Mobile App,276.92,Groceries,0,2300.96,2024.04,Aug,Thu
963,TXN_FIN_10963,ACC_0067,47,Checking,2024-01-04,Transfer,Mobile App,1032.08,Travel,0,41330.19,40298.11,Jan,Thu
964,TXN_FIN_10964,ACC_0008,53,Checking,2024-08-31,Withdrawal,Mobile App,1431.74,Travel,0,44373.02,42941.28,Aug,Sat
965,TXN_FIN_10965,ACC_0031,31,Savings,2024-11-13,Deposit,Mobile App,281.5,unknown,0,43794.07,43512.57,Nov,Wed
966,TXN_FIN_10966,ACC_0110,42,Savings,2024-08-31,Withdrawal,Mobile App,35.56,Retail,0,10417.08,10381.52,Aug,Sat
967,TXN_FIN_10967,ACC_0150,79,Credit Card,2024-05-26,Deposit,Online Banking,1022.23,Travel,0,42804.61,41782.38,May,Sun
968,TXN_FIN_10968,ACC_0087,41,Savings,2024-07-09,Deposit,Mobile App,480.53,Utilities,0,21363.83,20883.300000000003,Jul,Tue
969,TXN_FIN_10969,ACC_0042,30,Checking,2024-03-29,Withdrawal,Mobile App,698.95,Groceries,0,22619.46,21920.51,Mar,Fri
970,TXN_FIN_10970,ACC_0158,58,Credit Card,2024-08-08,Payment,Mobile App,821.54,Entertainment,0,25586.92,24765.379999999997,Aug,Thu
971,TXN_FIN_10971,ACC_0045,33,Checking,2024-09-01,Deposit,Mobile App,64.86,Utilities,0,34972.99,34908.13,Sep,Sun
972,TXN_FIN_10972,ACC_0183,29,Credit Card,2024-04-07,Transfer,Mobile App,95.99,Travel,0,593.19,497.20000000000005,Apr,Sun
973,TXN_FIN_10973,ACC_0062,40,Savings,2024-01-25,Transfer,Online Banking,658.31,Groceries,0,28540.51,27882.199999999997,Jan,Thu
974,TXN_FIN_10974,ACC_0193,31,Savings,2024-09-26,Withdrawal,Online Banking,609.16,Retail,0,38145.11,37535.95,Sep,Thu
975,TXN_FIN_10975,ACC_0006,55,Checking,2024-01-18,Transfer,Online Banking,477.53,Entertainment,0,42596.52,42118.99,Jan,Thu
976,TXN_FIN_10976,ACC_0189,54,Savings,2024-10-03,Transfer,Branch,338.59,Utilities,0,40837.19,40498.600000000006,Oct,Thu
977,TXN_FIN_10977,ACC_0025,37,Credit Card,2024-06-01,Withdrawal,Online Banking,17.99,unknown,0,49043.21,49025.22,Jun,Sat
978,TXN_FIN_10978,ACC_0176,72,Checking,2024-08-15,Deposit,Mobile App,204.64,Travel,0,7384.95,7180.3099999999995,Aug,Thu
979,TXN_FIN_10979,ACC_0065,51,Checking,2024-05-13,Transfer,Mobile App,565.35,Utilities,0,18350.42,17785.07,May,Mon
980,TXN_FIN_10980,ACC_0057,19,Checking,2024-04-06,Withdrawal,Mobile App,100.81,Travel,0,44695.8,44594.990000000005,Apr,Sat
981,TXN_FIN_10981,ACC_0156,25,Savings,2024-09-10,Transfer,Online Banking,515.71,Travel,0,25447.18,24931.47,Sep,Tue
982,TXN_FIN_10982,ACC_0161,36,Checking,2024-08-20,Transfer,Mobile App,78.27,Entertainment,0,4544.85,4466.58,Aug,Tue
983,TXN_FIN_10983,ACC_0030,54,Checking,2024-03-07,Withdrawal,Mobile App,563.32,Utilities,0,32432.79,31869.47,Mar,Thu
984,TXN_FIN_10984,ACC_0144,31,Investment,2024-10-28,Withdrawal,Online Banking,377.75,Entertainment,0,2439.14,2061.39,Oct,Mon
985,TXN_FIN_10985,ACC_0111,72,Checking,2024-08-17,Transfer,Online Banking,587.96,Entertainment,0,14919.58,14331.619999999999,Aug,Sat
986,TXN_FIN_10986,ACC_0171,32,Savings,2024-08-13,Withdrawal,Mobile App,48.65,Travel,1,10465.37,10416.720000000001,Aug,Tue
987,TXN_FIN_10987,ACC_0070,39,Checking,2024-09-11,Payment,Mobile App,431.83,Groceries,0,18962.92,18531.089999999997,Sep,Wed
988,TXN_FIN_10988,ACC_0111,25,Savings,2024-08-11,Deposit,Online Banking,1093.25,Entertainment,0,20594.79,19501.54,Aug,Sun
989,TXN_FIN_10989,ACC_0189,68,Savings,2024-12-13,Transfer,Online Banking,69.56,Groceries,0,24355.04,24285.48,Dec,Fri
990,TXN_FIN_10990,ACC_0022,35,Savings,2024-08-20,unknown,Mobile App,14.68,Groceries,1,27460.2,27445.52,Aug,Tue
991,TXN_FIN_10991,ACC_0175,32,Credit Card,2024-03-15,Transfer,Online Banking,366.2,Retail,0,16484.38,16118.18,Mar,Fri
992,TXN_FIN_10992,ACC_0152,66,Credit Card,2024-03-26,Transfer,Branch,68.56,Retail,0,45314.3,45245.740000000005,Mar,Tue
993,TXN_FIN_10993,ACC_0014,69,Checking,2024-08-25,Withdrawal,ATM,649.9,Entertainment,0,49486.63,48836.729999999996,Aug,Sun
994,TXN_FIN_10994,ACC_0045,60,Savings,2024-09-07,Deposit,Mobile App,169.97,Utilities,0,23873.27,23703.3,Sep,Sat
995,TXN_FIN_10995,ACC_0015,73,Checking,2024-10-02,Payment,Branch,589.96,Travel,0,47857.75,47267.79,Oct,Wed
996,TXN_FIN_10996,ACC_0156,32,Checking,2024-04-23,Payment,ATM,609.79,Utilities,0,48859.39,48249.6,Apr,Tue
997,TXN_FIN_10997,ACC_0130,66,Investment,2024-08-15,Withdrawal,Mobile App,340.3,Entertainment,0,26294.86,25954.56,Aug,Thu
998,TXN_FIN_10998,ACC_0050,22,Savings,2024-09-09,Withdrawal,Branch,549.44,Retail,0,47822.9,47273.46,Sep,Mon
999,TXN_FIN_10999,ACC_0168,68,Checking,2024-08-06,Transfer,Online Banking,925.06,Groceries,1,8393.34,7468.280000000001,Aug,Tue
1000,TXN_FIN_11000,ACC_0148,63,Savings,2024-11-04,Withdrawal,Mobile App,692.66,Groceries,0,4364.11,3671.45,Nov,Mon
1001,TXN_FIN_11001,ACC_0165,49,Savings,2024-05-24,Payment,ATM,448.38,Retail,0,28129.08,27680.7,May,Fri
1002,TXN_FIN_11002,ACC_0043,59,Savings,2024-12-26,Transfer,ATM,1266.68,Utilities,0,4440.32,3173.6399999999994,Dec,Thu
1003,TXN_FIN_11003,ACC_0136,48,Savings,2024-06-24,Deposit,Mobile App,627.97,Groceries,0,24190.56,23562.59,Jun,Mon
1004,TXN_FIN_11004,ACC_0019,79,Checking,2024-12-16,Deposit,Branch,553.66,Entertainment,0,29853.76,29300.1,Dec,Mon
1005,TXN_FIN_11005,ACC_0171,27,Savings,2024-04-19,Withdrawal,ATM,558.64,Groceries,0,23274.39,22715.75,Apr,Fri
1006,TXN_FIN_11006,ACC_0082,67,Checking,2024-02-11,Payment,Mobile App,10.1,Utilities,0,10463.45,10453.35,Feb,Sun
1007,TXN_FIN_11007,ACC_0178,71,Credit Card,2024-09-27,Withdrawal,Mobile App,257.2,Travel,0,39447.66,39190.46000000001,Sep,Fri
1008,TXN_FIN_11008,ACC_0034,73,Savings,2024-03-29,Payment,Mobile App,67.28,unknown,0,44691.64,44624.36,Mar,Fri
1009,TXN_FIN_11009,ACC_0094,49,Credit Card,2024-11-19,Deposit,Online Banking,1121.96,Groceries,0,20454.42,19332.46,Nov,Tue
1010,TXN_FIN_11010,ACC_0128,34,Checking,2024-01-05,Withdrawal,Mobile App,916.09,Travel,0,35080.41,34164.32000000001,Jan,Fri
1011,TXN_FIN_11011,ACC_0161,36,Checking,2024-08-18,Withdrawal,Mobile App,29.87,Utilities,0,20867.75,20837.88,Aug,Sun
1012,TXN_FIN_11012,ACC_0178,45,Checking,2024-11-14,Deposit,Mobile App,746.45,unknown,0,38183.68,37437.23,Nov,Thu
1013,TXN_FIN_11013,ACC_0162,30,Credit Card,2024-08-13,Withdrawal,Online Banking,40.97,Utilities,0,26042.25,26001.28,Aug,Tue
1014,TXN_FIN_11014,ACC_0117,28,Investment,2024-06-12,Deposit,Online Banking,10.83,Groceries,0,4171.53,4160.7,Jun,Wed
1015,TXN_FIN_11015,ACC_0011,49,Savings,2024-06-11,Transfer,ATM,1493.8,Entertainment,0,6002.39,4508.59,Jun,Tue
1016,TXN_FIN_11016,ACC_0173,56,Checking,2024-09-25,Withdrawal,Online Banking,1504.99,Travel,0,21446.07,19941.079999999998,Sep,Wed
1017,TXN_FIN_11017,ACC_0106,68,Checking,2024-08-27,Withdrawal,Online Banking,102.64,Utilities,1,34382.25,34279.61,Aug,Tue
1018,TXN_FIN_11018,ACC_0131,76,Checking,2024-10-07,Payment,Mobile App,267.43,Groceries,1,19754.95,19487.52,Oct,Mon
1019,TXN_FIN_11019,ACC_0165,39,Credit Card,2024-04-26,Transfer,Mobile App,852.11,Entertainment,0,34315.73,33463.62,Apr,Fri
1020,TXN_FIN_11020,ACC_0146,49,Checking,2024-09-18,Withdrawal,Online Banking,1200.46,Entertainment,0,8106.3,6905.84,Sep,Wed
1021,TXN_FIN_11021,ACC_0127,70,Investment,2024-10-09,Withdrawal,Online Banking,2.23,Utilities,0,30306.31,30304.08,Oct,Wed
1022,TXN_FIN_11022,ACC_0199,66,Savings,2024-02-06,Payment,Mobile App,147.26,Groceries,0,1761.8,1614.54,Feb,Tue
1023,TXN_FIN_11023,ACC_0181,59,Checking,2024-03-22,Deposit,Online Banking,7.1,Groceries,0,41522.04,41514.94,Mar,Fri
1024,TXN_FIN_11024,ACC_0050,47,Savings,2024-11-26,Withdrawal,Mobile App,2834.39,Entertainment,0,31755.57,28921.18,Nov,Tue
1025,TXN_FIN_11025,ACC_0016,78,Savings,2024-05-11,Payment,Online Banking,590.84,Utilities,0,45472.75,44881.91,May,Sat
1026,TXN_FIN_11026,ACC_0144,45,Investment,2024-06-13,Payment,Online Banking,678.61,Travel,1,15331.67,14653.06,Jun,Thu
1027,TXN_FIN_11027,ACC_0133,65,Checking,2024-07-04,Payment,Online Banking,460.11,Groceries,0,36633.36,36173.25,Jul,Thu
1028,TXN_FIN_11028,ACC_0139,23,Checking,2024-06-06,unknown,Mobile App,1315.23,Utilities,0,39601.54,38286.31,Jun,Thu
1029,TXN_FIN_11029,ACC_0031,44,Savings,2024-06-15,Payment,ATM,366.32,Retail,0,6870.5,6504.18,Jun,Sat
1030,TXN_FIN_11030,ACC_0008,19,Checking,2024-03-27,Deposit,Mobile App,168.43,Utilities,1,21172.71,21004.28,Mar,Wed
1031,TXN_FIN_11031,ACC_0039,52,Checking,2024-07-25,Transfer,Branch,94.07,Retail,0,6243.55,6149.4800000000005,Jul,Thu
1032,TXN_FIN_11032,ACC_0011,41,Investment,2024-01-20,Payment,Mobile App,134.3,Entertainment,0,25743.5,25609.2,Jan,Sat
1033,TXN_FIN_11033,ACC_0011,52,Savings,2024-08-27,Withdrawal,Mobile App,1219.43,Travel,0,34235.23,33015.8,Aug,Tue
1034,TXN_FIN_11034,ACC_0187,23,Credit Card,2024-09-08,Transfer,Branch,121.38,Utilities,0,39856.46,39735.08,Sep,Sun
1035,TXN_FIN_11035,ACC_0179,61,Savings,2024-07-01,Transfer,Online Banking,403.51,Groceries,1,38214.12,37810.61,Jul,Mon
1036,TXN_FIN_11036,ACC_0002,78,Checking,2024-03-07,Withdrawal,Mobile App,211.04,unknown,0,7984.87,7773.83,Mar,Thu
1037,TXN_FIN_11037,ACC_0142,73,Savings,2024-10-22,Withdrawal,Branch,71.1,Retail,0,18894.53,18823.43,Oct,Tue
1038,TXN_FIN_11038,ACC_0165,71,Credit Card,2024-04-09,Withdrawal,Mobile App,250.53,Entertainment,0,48587.03,48336.5,Apr,Tue
1039,TXN_FIN_11039,ACC_0032,56,Checking,2024-01-25,Deposit,Mobile App,826.44,Utilities,0,8333.72,7507.279999999999,Jan,Thu
1040,TXN_FIN_11040,ACC_0138,32,Credit Card,2024-04-17,Payment,Mobile App,170.8,Groceries,1,18615.59,18444.79,Apr,Wed
1041,TXN_FIN_11041,ACC_0178,25,Savings,2024-06-13,Transfer,Online Banking,75.4,Travel,0,9048.65,8973.25,Jun,Thu
1042,TXN_FIN_11042,ACC_0200,70,Savings,2024-06-16,Transfer,Mobile App,101.59,Groceries,0,15130.63,15029.039999999999,Jun,Sun
1043,TXN_FIN_11043,ACC_0198,74,Savings,2024-08-13,Transfer,Online Banking,662.89,Entertainment,0,13987.14,13324.25,Aug,Tue
1044,TXN_FIN_11044,ACC_0149,33,Checking,2024-06-26,Withdrawal,Online Banking,206.07,Entertainment,0,18214.89,18008.82,Jun,Wed
1045,TXN_FIN_11045,ACC_0006,58,Credit Card,2024-09-01,Deposit,Mobile App,172.31,Utilities,0,48374.43,48202.12,Sep,Sun
1046,TXN_FIN_11046,ACC_0185,25,Savings,2024-06-26,Payment,Mobile App,400.33,Groceries,0,26164.14,25763.809999999998,Jun,Wed
1047,TXN_FIN_11047,ACC_0132,23,Savings,2024-07-07,Transfer,ATM,447.53,Travel,0,41132.56,40685.03,Jul,Sun
1048,TXN_FIN_11048,ACC_0052,35,Credit Card,2024-11-14,unknown,Mobile App,302.28,Groceries,0,9809.73,9507.449999999999,Nov,Thu
1049,TXN_FIN_11049,ACC_0167,34,Checking,2024-05-09,Payment,Online Banking,1739.68,Travel,0,1928.74,189.05999999999995,May,Thu
1050,TXN_FIN_11050,ACC_0086,63,Checking,2024-12-01,unknown,Mobile App,108.36,Groceries,0,48921.3,48812.94,Dec,Sun
1051,TXN_FIN_11051,ACC_0017,44,Savings,2024-01-22,Deposit,Online Banking,604.89,Groceries,0,25471.64,24866.75,Jan,Mon
1052,TXN_FIN_11052,ACC_0158,50,Savings,2024-06-21,Payment,Online Banking,704.12,Groceries,0,26357.81,25653.690000000002,Jun,Fri
1053,TXN_FIN_11053,ACC_0076,63,Savings,2024-05-20,Deposit,ATM,915.17,Utilities,0,41469.42,40554.25,May,Mon
1054,TXN_FIN_11054,ACC_0136,38,Credit Card,2024-07-27,Transfer,Mobile App,554.26,Utilities,0,30056.13,29501.870000000003,Jul,Sat
1055,TXN_FIN_11055,ACC_0079,48,Checking,2024-04-12,Transfer,Mobile App,2998.51,Utilities,0,43539.79,40541.28,Apr,Fri
1056,TXN_FIN_11056,ACC_0058,40,Savings,2024-02-24,unknown,Online Banking,100.73,Entertainment,0,37084.83,36984.1,Feb,Sat
1057,TXN_FIN_11057,ACC_0195,36,Savings,2024-09-04,Withdrawal,Mobile App,2665.54,unknown,0,34055.11,31389.57,Sep,Wed
1058,TXN_FIN_11058,ACC_0028,78,Checking,2024-04-26,Withdrawal,Branch,1323.93,Utilities,0,13022.34,11698.41,Apr,Fri
1059,TXN_FIN_11059,ACC_0147,34,Investment,2024-09-15,Deposit,ATM,142.04,Entertainment,0,47708.34,47566.299999999996,Sep,Sun
1060,TXN_FIN_11060,ACC_0122,52,Credit Card,2024-04-09,Payment,Mobile App,19.39,Entertainment,0,30784.58,30765.190000000002,Apr,Tue
1061,TXN_FIN_11061,ACC_0156,70,Checking,2024-11-07,Transfer,Online Banking,696.57,Utilities,0,5073.88,4377.31,Nov,Thu
1062,TXN_FIN_11062,ACC_0162,22,Checking,2024-10-22,Deposit,Mobile App,156.06,Utilities,0,34375.56,34219.5,Oct,Tue
1063,TXN_FIN_11063,ACC_0128,52,Checking,2024-06-25,Deposit,ATM,236.85,Groceries,0,44575.34,44338.49,Jun,Tue
1064,TXN_FIN_11064,ACC_0147,62,Investment,2024-11-06,Deposit,Mobile App,136.96,Utilities,0,49608.36,49471.4,Nov,Wed
1065,TXN_FIN_11065,ACC_0022,41,Savings,2024-09-12,Withdrawal,Online Banking,235.64,Entertainment,0,13219.71,12984.07,Sep,Thu
1066,TXN_FIN_11066,ACC_0099,40,Checking,2024-08-27,Transfer,ATM,135.8,Groceries,0,14927.63,14791.83,Aug,Tue
1067,TXN_FIN_11067,ACC_0183,69,Credit Card,2024-11-24,Payment,Mobile App,111.57,Entertainment,0,41571.01,41459.44,Nov,Sun
1068,TXN_FIN_11068,ACC_0093,64,Credit Card,2024-12-02,Withdrawal,Mobile App,247.98,Entertainment,0,13475.68,13227.7,Dec,Mon
1069,TXN_FIN_11069,ACC_0043,49,Checking,2024-11-18,Payment,Online Banking,244.21,Retail,0,25655.1,25410.89,Nov,Mon
1070,TXN_FIN_11070,ACC_0187,69,Savings,2024-04-14,Deposit,Mobile App,164.07,Groceries,0,2485.58,2321.5099999999998,Apr,Sun
1071,TXN_FIN_11071,ACC_0131,49,Checking,2024-03-02,Deposit,Mobile App,336.98,Utilities,0,351.27,14.289999999999964,Mar,Sat
1072,TXN_FIN_11072,ACC_0016,54,Checking,2024-08-13,Deposit,Mobile App,34.29,Travel,0,45984.72,45950.43,Aug,Tue
1073,TXN_FIN_11073,ACC_0095,33,Credit Card,2024-12-31,Transfer,Mobile App,35.63,Entertainment,0,45800.69,45765.060000000005,Dec,Tue
1074,TXN_FIN_11074,ACC_0059,67,Investment,2024-08-30,Withdrawal,Branch,1016.29,Entertainment,0,45761.89,44745.6,Aug,Fri
1075,TXN_FIN_11075,ACC_0091,47,Checking,2024-12-10,Payment,ATM,68.03,Entertainment,0,3030.65,2962.62,Dec,Tue
1076,TXN_FIN_11076,ACC_0102,62,Credit Card,2024-04-08,Withdrawal,Mobile App,276.07,Groceries,0,46885.71,46609.64,Apr,Mon
1077,TXN_FIN_11077,ACC_0104,24,Checking,2024-07-04,Withdrawal,Mobile App,137.8,Travel,0,39800.02,39662.219999999994,Jul,Thu
1078,TXN_FIN_11078,ACC_0061,61,Checking,2024-08-08,Deposit,ATM,322.01,Utilities,0,17987.8,17665.79,Aug,Thu
1079,TXN_FIN_11079,ACC_0125,39,Checking,2024-09-16,Withdrawal,Mobile App,268.49,unknown,0,8834.66,8566.17,Sep,Mon
1080,TXN_FIN_11080,ACC_0084,49,Checking,2024-04-06,Transfer,Branch,153.94,unknown,0,2043.34,1889.3999999999999,Apr,Sat
1081,TXN_FIN_11081,ACC_0025,67,Savings,2024-09-26,Deposit,Mobile App,348.41,Entertainment,0,940.73,592.3199999999999,Sep,Thu
1082,TXN_FIN_11082,ACC_0147,78,Savings,2024-01-07,Transfer,ATM,170.36,Groceries,0,20448.42,20278.059999999998,Jan,Sun
1083,TXN_FIN_11083,ACC_0075,77,Savings,2024-07-07,Payment,Online Banking,139.31,Retail,0,18535.2,18395.89,Jul,Sun
1084,TXN_FIN_11084,ACC_0140,56,Savings,2024-10-05,Deposit,Branch,222.08,Utilities,0,7066.0,6843.92,Oct,Sat
1085,TXN_FIN_11085,ACC_0118,30,Checking,2024-09-28,Transfer,ATM,176.29,Retail,0,45176.85,45000.56,Sep,Sat
1086,TXN_FIN_11086,ACC_0187,46,Savings,2024-03-24,Payment,Mobile App,188.77,Travel,0,39557.7,39368.93,Mar,Sun
1087,TXN_FIN_11087,ACC_0153,64,Checking,2024-11-04,Withdrawal,Branch,201.65,Travel,0,29290.36,29088.71,Nov,Mon
1088,TXN_FIN_11088,ACC_0058,58,Checking,2024-09-20,Withdrawal,Online Banking,306.57,Utilities,0,27323.25,27016.68,Sep,Fri
1089,TXN_FIN_11089,ACC_0103,70,Savings,2024-09-19,Payment,ATM,570.81,Travel,0,42793.74,42222.93,Sep,Thu
1090,TXN_FIN_11090,ACC_0045,31,Credit Card,2024-03-22,Payment,Mobile App,1136.82,Travel,0,49611.25,48474.43,Mar,Fri
1091,TXN_FIN_11091,ACC_0023,79,Investment,2024-08-20,unknown,ATM,313.88,Entertainment,0,31468.3,31154.42,Aug,Tue
1092,TXN_FIN_11092,ACC_0087,34,Savings,2024-02-17,Withdrawal,Mobile App,81.87,Entertainment,0,24107.15,24025.280000000002,Feb,Sat
1093,TXN_FIN_11093,ACC_0126,28,Checking,2024-10-18,Payment,Branch,812.57,Entertainment,0,36534.17,35721.6,Oct,Fri
1094,TXN_FIN_11094,ACC_0036,57,Checking,2024-08-26,Withdrawal,Mobile App,85.95,Utilities,0,44083.18,43997.23,Aug,Mon
1095,TXN_FIN_11095,ACC_0181,49,Savings,2024-06-26,unknown,Online Banking,45.91,Groceries,0,4162.93,4117.02,Jun,Wed
1096,TXN_FIN_11096,ACC_0159,66,Checking,2024-05-19,Withdrawal,Online Banking,221.0,Utilities,0,7083.47,6862.47,May,Sun
1097,TXN_FIN_11097,ACC_0196,61,Savings,2024-01-02,Transfer,Online Banking,416.88,Groceries,0,9867.87,9450.990000000002,Jan,Tue
1098,TXN_FIN_11098,ACC_0130,68,Savings,2024-07-03,Deposit,Mobile App,123.69,Retail,0,12780.05,12656.359999999999,Jul,Wed
1099,TXN_FIN_11099,ACC_0168,48,Savings,2024-04-25,Deposit,Mobile App,582.58,Groceries,0,49949.62,49367.04,Apr,Thu
1100,TXN_FIN_11100,ACC_0065,56,Credit Card,2024-01-01,Withdrawal,Mobile App,798.96,Travel,0,10016.63,9217.669999999998,Jan,Mon
1101,TXN_FIN_11101,ACC_0122,30,Checking,2024-09-14,Withdrawal,Mobile App,87.23,Travel,0,41522.84,41435.60999999999,Sep,Sat
1102,TXN_FIN_11102,ACC_0085,53,Checking,2024-05-19,Withdrawal,Branch,783.4,Groceries,0,9101.15,8317.75,May,Sun
1103,TXN_FIN_11103,ACC_0077,49,Savings,2024-02-22,Payment,Mobile App,218.68,Travel,0,1221.34,1002.6599999999999,Feb,Thu
1104,TXN_FIN_11104,ACC_0120,44,Checking,2024-01-14,Withdrawal,Mobile App,80.12,Entertainment,0,35587.41,35507.29,Jan,Sun
1105,TXN_FIN_11105,ACC_0018,52,Savings,2024-05-07,Deposit,Online Banking,66.95,Groceries,0,44953.07,44886.12,May,Tue
1106,TXN_FIN_11106,ACC_0143,65,Credit Card,2024-10-24,Payment,Mobile App,142.91,Travel,0,19555.52,19412.61,Oct,Thu
1107,TXN_FIN_11107,ACC_0124,34,Savings,2024-02-04,Transfer,ATM,681.81,Entertainment,0,25104.8,24422.989999999998,Feb,Sun
1108,TXN_FIN_11108,ACC_0180,63,Investment,2024-03-08,Withdrawal,Online Banking,137.16,Utilities,0,15554.19,15417.03,Mar,Fri
1109,TXN_FIN_11109,ACC_0054,49,Checking,2024-06-27,Payment,Online Banking,57.7,Groceries,0,41742.58,41684.880000000005,Jun,Thu
1110,TXN_FIN_11110,ACC_0004,22,Savings,2024-02-09,Transfer,ATM,91.12,Utilities,0,6121.06,6029.9400000000005,Feb,Fri
1111,TXN_FIN_11111,ACC_0190,55,Checking,2024-10-12,Transfer,Online Banking,579.94,Utilities,0,7857.51,7277.57,Oct,Sat
1112,TXN_FIN_11112,ACC_0091,73,Savings,2024-03-31,Withdrawal,Mobile App,441.7,Groceries,0,43680.44,43238.740000000005,Mar,Sun
1113,TXN_FIN_11113,ACC_0190,76,Checking,2024-08-07,Deposit,Online Banking,595.19,Retail,0,42768.71,42173.52,Aug,Wed
1114,TXN_FIN_11114,ACC_0036,27,Investment,2024-11-21,Transfer,Online Banking,896.19,Groceries,0,32990.22,32094.030000000002,Nov,Thu
1115,TXN_FIN_11115,ACC_0085,62,Checking,2024-06-05,Deposit,Online Banking,290.71,Groceries,1,36922.07,36631.36,Jun,Wed
1116,TXN_FIN_11116,ACC_0191,75,Investment,2024-07-16,Transfer,ATM,1187.65,Groceries,0,1550.15,362.5,Jul,Tue
1117,TXN_FIN_11117,ACC_0005,52,Checking,2024-02-12,Deposit,Online Banking,811.31,Travel,0,8601.84,7790.530000000001,Feb,Mon
1118,TXN_FIN_11118,ACC_0038,62,Checking,2024-07-01,Payment,ATM,241.57,Entertainment,0,42500.19,42258.62,Jul,Mon
1119,TXN_FIN_11119,ACC_0012,32,Savings,2024-04-18,Deposit,Mobile App,1410.53,Travel,0,10144.92,8734.39,Apr,Thu
1120,TXN_FIN_11120,ACC_0066,26,Checking,2024-02-09,Payment,Online Banking,197.68,Retail,0,6381.88,6184.2,Feb,Fri
1121,TXN_FIN_11121,ACC_0041,24,Savings,2024-08-12,Withdrawal,Mobile App,567.25,Entertainment,0,7497.87,6930.62,Aug,Mon
1122,TXN_FIN_11122,ACC_0129,46,Savings,2024-06-22,Transfer,ATM,30.52,Retail,0,10262.79,10232.27,Jun,Sat
1123,TXN_FIN_11123,ACC_0188,28,Checking,2024-11-14,unknown,Mobile App,1171.07,Utilities,0,3073.02,1901.95,Nov,Thu
1124,TXN_FIN_11124,ACC_0102,79,Savings,2024-10-31,Deposit,Mobile App,123.66,Retail,0,13161.2,13037.54,Oct,Thu
1125,TXN_FIN_11125,ACC_0084,59,Savings,2024-05-18,Transfer,Mobile App,256.29,Retail,0,38749.44,38493.15,May,Sat
1126,TXN_FIN_11126,ACC_0060,43,Credit Card,2024-06-14,Deposit,Online Banking,40.35,unknown,0,1561.29,1520.94,Jun,Fri
1127,TXN_FIN_11127,ACC_0194,38,Savings,2024-08-31,Withdrawal,Mobile App,143.64,Groceries,0,30510.28,30366.64,Aug,Sat
1128,TXN_FIN_11128,ACC_0140,68,Credit Card,2024-06-01,Withdrawal,Mobile App,102.14,Retail,0,23387.77,23285.63,Jun,Sat
1129,TXN_FIN_11129,ACC_0159,28,Savings,2024-05-27,Transfer,Mobile App,166.74,Groceries,0,6308.64,6141.900000000001,May,Mon
1130,TXN_FIN_11130,ACC_0200,79,Savings,2024-05-07,Deposit,Mobile App,36.09,Entertainment,0,20252.98,20216.89,May,Tue
1131,TXN_FIN_11131,ACC_0114,78,Credit Card,2024-10-14,Withdrawal,ATM,114.53,Groceries,0,40418.34,40303.81,Oct,Mon
1132,TXN_FIN_11132,ACC_0052,29,Savings,2024-02-25,Withdrawal,Branch,497.97,Travel,0,4083.07,3585.1000000000004,Feb,Sun
1133,TXN_FIN_11133,ACC_0098,32,Checking,2024-12-18,Deposit,ATM,14.11,Retail,0,27585.25,27571.14,Dec,Wed
1134,TXN_FIN_11134,ACC_0090,28,Investment,2024-12-17,Payment,Mobile App,466.08,Groceries,0,48550.58,48084.5,Dec,Tue
1135,TXN_FIN_11135,ACC_0010,19,Credit Card,2024-10-20,Deposit,Mobile App,150.74,Utilities,0,16270.91,16120.17,Oct,Sun
1136,TXN_FIN_11136,ACC_0024,56,Checking,2024-06-26,Withdrawal,Mobile App,395.26,Entertainment,0,37891.35,37496.09,Jun,Wed
1137,TXN_FIN_11137,ACC_0054,63,Checking,2024-09-19,Withdrawal,Mobile App,238.46,Entertainment,0,33329.67,33091.21,Sep,Thu
1138,TXN_FIN_11138,ACC_0043,69,Credit Card,2024-06-02,Transfer,Mobile App,155.93,Groceries,0,24501.88,24345.95,Jun,Sun
1139,TXN_FIN_11139,ACC_0183,79,Savings,2024-05-19,Withdrawal,Online Banking,1645.87,Entertainment,0,36221.57,34575.7,May,Sun
1140,TXN_FIN_11140,ACC_0052,68,Savings,2024-05-07,Withdrawal,ATM,128.69,Groceries,0,12554.2,12425.51,May,Tue
1141,TXN_FIN_11141,ACC_0011,47,Investment,2024-02-14,Deposit,Online Banking,1040.47,Travel,0,2661.15,1620.68,Feb,Wed
1142,TXN_FIN_11142,ACC_0086,64,Checking,2024-11-22,Withdrawal,Online Banking,1051.71,Entertainment,0,32883.07,31831.36,Nov,Fri
1143,TXN_FIN_11143,ACC_0043,64,Checking,2024-10-25,Withdrawal,Branch,287.1,Retail,0,39292.19,39005.090000000004,Oct,Fri
1144,TXN_FIN_11144,ACC_0137,32,Checking,2024-07-06,Payment,ATM,114.82,Groceries,0,46212.92,46098.1,Jul,Sat
1145,TXN_FIN_11145,ACC_0159,73,Credit Card,2024-11-22,Transfer,Mobile App,1145.15,Utilities,0,24695.99,23550.84,Nov,Fri
1146,TXN_FIN_11146,ACC_0001,64,Savings,2024-12-24,Withdrawal,Mobile App,1035.33,Utilities,0,32863.34,31828.009999999995,Dec,Tue
1147,TXN_FIN_11147,ACC_0036,63,Savings,2024-09-15,Deposit,Online Banking,176.32,Retail,0,33510.81,33334.49,Sep,Sun
1148,TXN_FIN_11148,ACC_0180,39,Credit Card,2024-02-19,Transfer,Online Banking,1103.0,Groceries,0,8356.02,7253.02,Feb,Mon
1149,TXN_FIN_11149,ACC_0091,65,Savings,2024-10-13,Withdrawal,Mobile App,772.85,Utilities,0,26488.62,25715.77,Oct,Sun
1150,TXN_FIN_11150,ACC_0165,31,Checking,2024-07-13,Payment,Mobile App,118.53,Entertainment,0,48405.73,48287.200000000004,Jul,Sat
1151,TXN_FIN_11151,ACC_0030,34,Checking,2024-11-21,Payment,Mobile App,323.66,Groceries,0,16779.58,16455.920000000002,Nov,Thu
1152,TXN_FIN_11152,ACC_0053,50,Checking,2024-08-27,Deposit,Online Banking,597.55,Entertainment,1,47679.66,47082.11,Aug,Tue
1153,TXN_FIN_11153,ACC_0078,52,Credit Card,2024-05-12,Payment,Online Banking,3133.64,Retail,0,16301.63,13167.99,May,Sun
1154,TXN_FIN_11154,ACC_0029,69,Savings,2024-06-23,Withdrawal,Mobile App,78.32,Utilities,0,29302.07,29223.75,Jun,Sun
1155,TXN_FIN_11155,ACC_0045,69,Savings,2024-11-21,Payment,ATM,225.62,Groceries,0,40663.04,40437.42,Nov,Thu
1156,TXN_FIN_11156,ACC_0144,52,Checking,2024-05-11,Withdrawal,Mobile App,824.24,Entertainment,0,20929.09,20104.85,May,Sat
1157,TXN_FIN_11157,ACC_0124,77,Savings,2024-02-19,Transfer,Mobile App,259.49,Entertainment,0,28927.76,28668.269999999997,Feb,Mon
1158,TXN_FIN_11158,ACC_0066,45,Checking,2024-10-30,Transfer,Mobile App,234.94,Travel,0,31364.6,31129.66,Oct,Wed
1159,TXN_FIN_11159,ACC_0109,32,Savings,2024-07-21,Deposit,ATM,460.79,Retail,0,4321.75,3860.96,Jul,Sun
1160,TXN_FIN_11160,ACC_0103,48,Checking,2024-06-11,Deposit,Branch,244.59,Retail,0,47928.56,47683.97,Jun,Tue
1161,TXN_FIN_11161,ACC_0180,37,Checking,2024-09-06,Withdrawal,Online Banking,772.71,unknown,0,5701.26,4928.55,Sep,Fri
1162,TXN_FIN_11162,ACC_0073,43,Savings,2024-04-23,Withdrawal,Online Banking,898.28,Travel,0,8484.97,7586.69,Apr,Tue
1163,TXN_FIN_11163,ACC_0027,63,Checking,2024-03-05,Deposit,Mobile App,166.84,Retail,0,22828.52,22661.68,Mar,Tue
1164,TXN_FIN_11164,ACC_0069,34,Checking,2024-12-11,Deposit,Mobile App,252.04,Entertainment,0,11847.65,11595.609999999999,Dec,Wed
1165,TXN_FIN_11165,ACC_0132,31,Credit Card,2024-04-11,Withdrawal,Branch,24.21,Groceries,0,48425.04,48400.83,Apr,Thu
1166,TXN_FIN_11166,ACC_0073,48,Investment,2024-04-07,unknown,Mobile App,69.18,Entertainment,0,27758.81,27689.63,Apr,Sun
1167,TXN_FIN_11167,ACC_0147,38,Credit Card,2024-09-24,Withdrawal,Mobile App,815.21,Groceries,0,43607.34,42792.13,Sep,Tue
1168,TXN_FIN_11168,ACC_0125,78,Checking,2024-01-15,Payment,Online Banking,124.15,Retail,0,3185.75,3061.6,Jan,Mon
1169,TXN_FIN_11169,ACC_0073,26,Credit Card,2024-06-07,Withdrawal,Mobile App,69.3,Utilities,0,18727.61,18658.31,Jun,Fri
1170,TXN_FIN_11170,ACC_0028,54,Credit Card,2024-10-23,Deposit,ATM,168.2,Travel,0,22750.62,22582.42,Oct,Wed
1171,TXN_FIN_11171,ACC_0001,44,Savings,2024-04-29,Deposit,Mobile App,1612.87,Entertainment,0,12490.97,10878.099999999999,Apr,Mon
1172,TXN_FIN_11172,ACC_0024,46,Savings,2024-06-04,Transfer,Online Banking,500.29,Retail,0,49259.83,48759.54,Jun,Tue
1173,TXN_FIN_11173,ACC_0165,22,Savings,2024-08-03,Deposit,Online Banking,1386.34,Retail,0,11314.09,9927.75,Aug,Sat
1174,TXN_FIN_11174,ACC_0199,32,Checking,2024-06-19,Transfer,Online Banking,1034.78,Utilities,0,10738.71,9703.929999999998,Jun,Wed
1175,TXN_FIN_11175,ACC_0109,59,Checking,2024-12-17,Deposit,ATM,87.27,unknown,0,31209.87,31122.6,Dec,Tue
1176,TXN_FIN_11176,ACC_0161,79,Savings,2024-05-17,Transfer,Branch,274.0,Utilities,0,3932.29,3658.29,May,Fri
1177,TXN_FIN_11177,ACC_0009,75,Checking,2024-02-28,Deposit,Online Banking,422.91,Entertainment,0,22195.68,21772.77,Feb,Wed
1178,TXN_FIN_11178,ACC_0079,27,Savings,2024-12-13,Deposit,Mobile App,484.11,Retail,0,43402.66,42918.55,Dec,Fri
1179,TXN_FIN_11179,ACC_0136,61,Credit Card,2024-02-04,Withdrawal,ATM,118.44,unknown,0,48428.17,48309.729999999996,Feb,Sun
1180,TXN_FIN_11180,ACC_0016,32,Checking,2024-07-17,Withdrawal,ATM,858.17,Retail,0,40442.54,39584.37,Jul,Wed
1181,TXN_FIN_11181,ACC_0184,20,Checking,2024-07-19,Transfer,Mobile App,350.46,Retail,0,35047.92,34697.46,Jul,Fri
1182,TXN_FIN_11182,ACC_0041,61,Credit Card,2024-03-31,Payment,Mobile App,139.79,Retail,0,44439.95,44300.159999999996,Mar,Sun
1183,TXN_FIN_11183,ACC_0139,20,Checking,2024-06-28,Withdrawal,Online Banking,276.72,Utilities,0,16358.48,16081.76,Jun,Fri
1184,TXN_FIN_11184,ACC_0158,35,Savings,2024-10-04,Transfer,Online Banking,9.8,Entertainment,0,39532.43,39522.63,Oct,Fri
1185,TXN_FIN_11185,ACC_0135,18,Credit Card,2024-09-14,Deposit,Online Banking,171.38,Utilities,0,10584.9,10413.52,Sep,Sat
1186,TXN_FIN_11186,ACC_0152,52,Checking,2024-05-11,Transfer,Mobile App,189.06,Groceries,0,37369.85,37180.79,May,Sat
1187,TXN_FIN_11187,ACC_0083,54,Savings,2024-04-20,Transfer,Mobile App,176.16,Utilities,0,9432.83,9256.67,Apr,Sat
1188,TXN_FIN_11188,ACC_0009,72,Savings,2024-03-15,Withdrawal,Online Banking,65.82,Groceries,0,18172.44,18106.62,Mar,Fri
1189,TXN_FIN_11189,ACC_0044,74,Savings,2024-08-06,Deposit,Online Banking,229.7,Entertainment,0,27350.46,27120.76,Aug,Tue
1190,TXN_FIN_11190,ACC_0118,77,Checking,2024-02-16,Withdrawal,Online Banking,374.94,Travel,0,3567.36,3192.42,Feb,Fri
1191,TXN_FIN_11191,ACC_0195,55,Savings,2024-08-04,Payment,Mobile App,11.89,Retail,0,25532.92,25521.03,Aug,Sun
1192,TXN_FIN_11192,ACC_0052,30,Investment,2024-06-19,Deposit,Mobile App,181.11,Utilities,0,13678.54,13497.43,Jun,Wed
1193,TXN_FIN_11193,ACC_0145,32,Savings,2024-05-17,Deposit,Mobile App,194.48,Groceries,0,8369.05,8174.57,May,Fri
1194,TXN_FIN_11194,ACC_0133,77,Credit Card,2024-11-13,Deposit,ATM,317.12,Utilities,0,48504.28,48187.159999999996,Nov,Wed
1195,TXN_FIN_11195,ACC_0026,36,Checking,2024-06-13,Payment,ATM,5.56,Groceries,0,29901.88,29896.32,Jun,Thu
1196,TXN_FIN_11196,ACC_0091,41,Savings,2024-12-28,Deposit,Mobile App,148.96,Utilities,0,28424.95,28275.99,Dec,Sat
1197,TXN_FIN_11197,ACC_0126,61,Savings,2024-01-23,Transfer,Mobile App,175.22,Retail,0,44234.49,44059.27,Jan,Tue
1198,TXN_FIN_11198,ACC_0121,65,Checking,2024-12-14,Withdrawal,ATM,493.2,Groceries,1,12809.79,12316.59,Dec,Sat
1199,TXN_FIN_11199,ACC_0033,30,Checking,2024-03-13,Transfer,Mobile App,804.26,Utilities,0,20686.92,19882.66,Mar,Wed
1200,TXN_FIN_11200,ACC_0071,47,Checking,2024-05-19,Transfer,Online Banking,300.11,Utilities,0,2993.98,2693.87,May,Sun
1201,TXN_FIN_11201,ACC_0107,61,Savings,2024-04-20,Deposit,Mobile App,663.91,Retail,0,178.74,-485.16999999999996,Apr,Sat
1202,TXN_FIN_11202,ACC_0117,64,Savings,2024-06-24,unknown,Mobile App,310.47,Travel,0,46366.64,46056.17,Jun,Mon
1203,TXN_FIN_11203,ACC_0004,19,Savings,2024-03-01,Deposit,Mobile App,433.56,Entertainment,0,2581.08,2147.52,Mar,Fri
1204,TXN_FIN_11204,ACC_0188,51,Savings,2024-06-07,Withdrawal,ATM,581.12,Groceries,0,24751.52,24170.4,Jun,Fri
1205,TXN_FIN_11205,ACC_0168,74,Checking,2024-01-08,Deposit,Mobile App,339.72,Groceries,0,15013.18,14673.460000000001,Jan,Mon
1206,TXN_FIN_11206,ACC_0040,54,Investment,2024-04-10,unknown,Mobile App,132.74,Retail,0,12498.22,12365.48,Apr,Wed
1207,TXN_FIN_11207,ACC_0154,67,Checking,2024-05-14,Withdrawal,Mobile App,584.23,Utilities,0,26551.06,25966.83,May,Tue
1208,TXN_FIN_11208,ACC_0125,34,Checking,2024-02-12,Transfer,Online Banking,97.77,Groceries,0,2272.77,2175.0,Feb,Mon
1209,TXN_FIN_11209,ACC_0053,20,Investment,2024-07-30,Deposit,Mobile App,721.96,Travel,0,34684.98,33963.020000000004,Jul,Tue
1210,TXN_FIN_11210,ACC_0120,46,Credit Card,2024-10-12,Deposit,Mobile App,438.24,Travel,0,33106.13,32667.889999999996,Oct,Sat
1211,TXN_FIN_11211,ACC_0053,40,Checking,2024-08-06,Withdrawal,Mobile App,854.58,Groceries,0,48563.03,47708.45,Aug,Tue
1212,TXN_FIN_11212,ACC_0153,33,Savings,2024-06-26,Deposit,ATM,30.63,unknown,0,28513.62,28482.989999999998,Jun,Wed
1213,TXN_FIN_11213,ACC_0022,47,Checking,2024-10-10,Deposit,ATM,663.65,Groceries,0,18698.49,18034.84,Oct,Thu
1214,TXN_FIN_11214,ACC_0164,51,Checking,2024-03-22,Deposit,Online Banking,173.51,Travel,0,25881.6,25708.09,Mar,Fri
1215,TXN_FIN_11215,ACC_0138,35,Investment,2024-02-08,Withdrawal,Mobile App,47.43,Entertainment,0,18173.15,18125.72,Feb,Thu
1216,TXN_FIN_11216,ACC_0108,36,Checking,2024-01-27,unknown,ATM,283.72,Travel,0,5900.3,5616.58,Jan,Sat
1217,TXN_FIN_11217,ACC_0006,27,Credit Card,2024-10-04,Deposit,ATM,1240.56,Utilities,0,39416.26,38175.700000000004,Oct,Fri
1218,TXN_FIN_11218,ACC_0188,69,Credit Card,2024-11-03,Transfer,Branch,87.41,Groceries,0,17050.81,16963.4,Nov,Sun
1219,TXN_FIN_11219,ACC_0069,71,Investment,2024-10-19,Deposit,Mobile App,144.6,Groceries,0,35353.37,35208.770000000004,Oct,Sat
1220,TXN_FIN_11220,ACC_0003,38,Checking,2024-08-02,unknown,ATM,386.88,Utilities,0,32811.47,32424.59,Aug,Fri
1221,TXN_FIN_11221,ACC_0001,56,Savings,2024-11-10,Deposit,Mobile App,1834.57,unknown,0,15600.56,13765.99,Nov,Sun
1222,TXN_FIN_11222,ACC_0114,47,Checking,2024-02-06,Deposit,ATM,350.03,Groceries,0,17638.39,17288.36,Feb,Tue
1223,TXN_FIN_11223,ACC_0120,75,Checking,2024-09-28,Withdrawal,ATM,310.18,Retail,0,12644.38,12334.199999999999,Sep,Sat
1224,TXN_FIN_11224,ACC_0145,37,Savings,2024-12-29,Withdrawal,Online Banking,760.02,Entertainment,0,10735.76,9975.74,Dec,Sun
1225,TXN_FIN_11225,ACC_0052,49,Checking,2024-12-06,Withdrawal,ATM,1176.95,Utilities,0,45806.9,44629.950000000004,Dec,Fri
1226,TXN_FIN_11226,ACC_0092,49,Investment,2024-04-01,Withdrawal,ATM,628.83,Groceries,0,32125.29,31496.46,Apr,Mon
1227,TXN_FIN_11227,ACC_0123,42,Checking,2024-03-17,Deposit,Mobile App,154.53,Retail,0,41033.1,40878.57,Mar,Sun
1228,TXN_FIN_11228,ACC_0019,33,Checking,2024-08-29,Deposit,Online Banking,272.22,Groceries,0,35564.39,35292.17,Aug,Thu
1229,TXN_FIN_11229,ACC_0179,30,Investment,2024-05-14,Withdrawal,Branch,639.18,Groceries,0,30545.91,29906.73,May,Tue
1230,TXN_FIN_11230,ACC_0176,32,Investment,2024-11-10,Deposit,Mobile App,165.03,Groceries,0,13307.33,13142.3,Nov,Sun
1231,TXN_FIN_11231,ACC_0014,59,Savings,2024-07-15,Payment,Online Banking,828.01,Utilities,0,22642.11,21814.100000000002,Jul,Mon
1232,TXN_FIN_11232,ACC_0007,79,Investment,2024-01-23,Deposit,Online Banking,266.07,Groceries,0,32218.09,31952.02,Jan,Tue
1233,TXN_FIN_11233,ACC_0048,54,Savings,2024-11-27,Transfer,Online Banking,1376.52,Groceries,0,274.23,-1102.29,Nov,Wed
1234,TXN_FIN_11234,ACC_0038,49,Credit Card,2024-04-02,Withdrawal,Mobile App,82.97,Groceries,0,38485.05,38402.08,Apr,Tue
1235,TXN_FIN_11235,ACC_0039,43,Checking,2024-03-14,Deposit,ATM,296.27,Utilities,0,15250.65,14954.38,Mar,Thu
1236,TXN_FIN_11236,ACC_0150,75,Checking,2024-07-08,Payment,Mobile App,1005.24,Travel,0,17634.34,16629.1,Jul,Mon
1237,TXN_FIN_11237,ACC_0039,46,Credit Card,2024-09-21,Withdrawal,ATM,202.82,Travel,0,43907.04,43704.22,Sep,Sat
1238,TXN_FIN_11238,ACC_0174,53,Credit Card,2024-08-13,Withdrawal,Mobile App,951.97,Entertainment,0,6539.41,5587.44,Aug,Tue
1239,TXN_FIN_11239,ACC_0169,45,Credit Card,2024-09-27,Withdrawal,Online Banking,266.13,Groceries,0,38342.48,38076.350000000006,Sep,Fri
1240,TXN_FIN_11240,ACC_0063,66,Investment,2024-01-12,Withdrawal,Mobile App,33.5,Groceries,0,22141.84,22108.34,Jan,Fri
1241,TXN_FIN_11241,ACC_0067,32,Savings,2024-08-06,unknown,Mobile App,949.66,Groceries,0,2125.11,1175.4500000000003,Aug,Tue
1242,TXN_FIN_11242,ACC_0191,51,Credit Card,2024-05-31,Deposit,Mobile App,65.68,Retail,0,31367.97,31302.29,May,Fri
1243,TXN_FIN_11243,ACC_0138,36,Credit Card,2024-10-22,Withdrawal,Mobile App,1762.81,Entertainment,0,20071.53,18308.719999999998,Oct,Tue
1244,TXN_FIN_11244,ACC_0022,63,Checking,2024-04-12,Deposit,Online Banking,444.83,Groceries,0,27892.07,27447.239999999998,Apr,Fri
1245,TXN_FIN_11245,ACC_0051,20,Checking,2024-06-28,Payment,Branch,869.29,Groceries,0,30000.24,29130.95,Jun,Fri
1246,TXN_FIN_11246,ACC_0154,59,Credit Card,2024-08-08,Payment,Branch,57.22,unknown,1,9996.66,9939.44,Aug,Thu
1247,TXN_FIN_11247,ACC_0083,32,Checking,2024-05-21,Deposit,Mobile App,78.6,Utilities,0,20226.69,20148.09,May,Tue
1248,TXN_FIN_11248,ACC_0105,58,Investment,2024-05-14,Deposit,Mobile App,565.82,Utilities,0,9598.82,9033.0,May,Tue
1249,TXN_FIN_11249,ACC_0188,45,Investment,2024-03-24,unknown,Online Banking,791.88,Groceries,0,34903.16,34111.280000000006,Mar,Sun
1250,TXN_FIN_11250,ACC_0072,42,Savings,2024-11-19,Deposit,Mobile App,407.65,Groceries,0,23197.3,22789.649999999998,Nov,Tue
1251,TXN_FIN_11251,ACC_0065,49,Credit Card,2024-09-18,Withdrawal,Mobile App,925.01,Retail,0,15666.99,14741.98,Sep,Wed
1252,TXN_FIN_11252,ACC_0169,32,Checking,2024-11-25,Transfer,ATM,721.11,Entertainment,0,37151.04,36429.93,Nov,Mon
1253,TXN_FIN_11253,ACC_0010,68,Checking,2024-08-15,Transfer,Mobile App,240.31,unknown,0,19008.77,18768.46,Aug,Thu
1254,TXN_FIN_11254,ACC_0025,53,Savings,2024-04-17,Deposit,Mobile App,71.35,Retail,0,23809.62,23738.27,Apr,Wed
1255,TXN_FIN_11255,ACC_0028,75,Credit Card,2024-12-06,Withdrawal,Online Banking,62.34,Utilities,0,46503.49,46441.15,Dec,Fri
1256,TXN_FIN_11256,ACC_0001,20,Savings,2024-10-13,Transfer,Mobile App,135.13,Groceries,0,28403.99,28268.86,Oct,Sun
1257,TXN_FIN_11257,ACC_0136,46,Investment,2024-12-22,Deposit,Mobile App,192.02,Retail,0,19519.27,19327.25,Dec,Sun
1258,TXN_FIN_11258,ACC_0181,24,Checking,2024-07-25,Payment,Branch,214.99,Groceries,0,4173.21,3958.2200000000003,Jul,Thu
1259,TXN_FIN_11259,ACC_0068,28,Investment,2024-12-08,Deposit,Mobile App,344.28,Groceries,1,42901.76,42557.48,Dec,Sun
1260,TXN_FIN_11260,ACC_0006,50,Credit Card,2024-11-13,Deposit,Branch,105.99,unknown,0,9007.01,8901.02,Nov,Wed
1261,TXN_FIN_11261,ACC_0076,37,Savings,2024-01-10,Transfer,ATM,855.04,Retail,0,30447.11,29592.07,Jan,Wed
1262,TXN_FIN_11262,ACC_0173,77,Credit Card,2024-01-12,Transfer,Branch,215.79,Retail,0,34689.21,34473.42,Jan,Fri
1263,TXN_FIN_11263,ACC_0196,35,Savings,2024-11-14,Deposit,Branch,720.47,Utilities,0,9797.44,9076.970000000001,Nov,Thu
1264,TXN_FIN_11264,ACC_0084,33,Investment,2024-09-06,Transfer,Online Banking,348.4,Entertainment,0,48357.05,48008.65,Sep,Fri
1265,TXN_FIN_11265,ACC_0194,23,Checking,2024-09-28,Transfer,ATM,1530.29,Utilities,0,30954.51,29424.219999999998,Sep,Sat
1266,TXN_FIN_11266,ACC_0156,19,Savings,2024-10-07,Withdrawal,Mobile App,2.59,Groceries,0,32414.67,32412.079999999998,Oct,Mon
1267,TXN_FIN_11267,ACC_0017,33,Checking,2024-04-13,Payment,Online Banking,183.05,Utilities,0,13306.99,13123.94,Apr,Sat
1268,TXN_FIN_11268,ACC_0151,28,Checking,2024-04-26,Withdrawal,Online Banking,296.89,Travel,0,21339.0,21042.11,Apr,Fri
1269,TXN_FIN_11269,ACC_0147,44,Savings,2024-01-02,Deposit,Branch,569.93,Utilities,0,12473.34,11903.41,Jan,Tue
1270,TXN_FIN_11270,ACC_0080,20,Checking,2024-01-02,Deposit,Branch,415.27,Travel,0,46341.72,45926.450000000004,Jan,Tue
1271,TXN_FIN_11271,ACC_0191,22,Investment,2024-02-10,Payment,Mobile App,376.38,Groceries,0,1727.25,1350.87,Feb,Sat
1272,TXN_FIN_11272,ACC_0063,77,Investment,2024-06-21,Deposit,Online Banking,123.67,Utilities,0,43728.22,43604.55,Jun,Fri
1273,TXN_FIN_11273,ACC_0078,29,Investment,2024-05-15,Payment,Mobile App,843.97,Retail,0,130.99,-712.98,May,Wed
1274,TXN_FIN_11274,ACC_0147,28,Checking,2024-09-24,Deposit,Online Banking,65.0,Groceries,0,34569.08,34504.08,Sep,Tue
1275,TXN_FIN_11275,ACC_0042,54,Credit Card,2024-01-13,unknown,ATM,57.8,Entertainment,0,19871.19,19813.39,Jan,Sat
1276,TXN_FIN_11276,ACC_0029,52,Savings,2024-03-06,Payment,Branch,525.34,Travel,0,47688.47,47163.130000000005,Mar,Wed
1277,TXN_FIN_11277,ACC_0106,70,Credit Card,2024-10-20,Deposit,Online Banking,587.14,Groceries,0,43008.07,42420.93,Oct,Sun
1278,TXN_FIN_11278,ACC_0100,56,Credit Card,2024-02-06,Transfer,Mobile App,482.55,Retail,1,6039.36,5556.8099999999995,Feb,Tue
1279,TXN_FIN_11279,ACC_0156,66,Investment,2024-09-15,Deposit,Branch,165.13,Entertainment,0,25630.6,25465.469999999998,Sep,Sun
1280,TXN_FIN_11280,ACC_0068,68,Savings,2024-02-11,Deposit,Mobile App,541.45,Utilities,0,41769.84,41228.39,Feb,Sun
1281,TXN_FIN_11281,ACC_0089,54,Checking,2024-03-02,Payment,Branch,497.13,Entertainment,0,10692.55,10195.42,Mar,Sat
1282,TXN_FIN_11282,ACC_0171,30,Checking,2024-03-19,Deposit,Online Banking,255.92,Entertainment,0,19844.21,19588.29,Mar,Tue
1283,TXN_FIN_11283,ACC_0041,37,Savings,2024-07-26,Transfer,Mobile App,131.71,Travel,0,47901.26,47769.55,Jul,Fri
1284,TXN_FIN_11284,ACC_0114,26,Credit Card,2024-06-14,Payment,Branch,420.03,Travel,0,7884.82,7464.79,Jun,Fri
1285,TXN_FIN_11285,ACC_0179,47,Savings,2024-02-21,Deposit,Online Banking,25.83,Travel,0,32658.8,32632.969999999998,Feb,Wed
1286,TXN_FIN_11286,ACC_0056,24,Savings,2024-01-23,Payment,Mobile App,167.56,Retail,0,9070.86,8903.300000000001,Jan,Tue
1287,TXN_FIN_11287,ACC_0148,29,Checking,2024-02-08,Payment,Mobile App,1305.03,Utilities,0,22442.61,21137.58,Feb,Thu
1288,TXN_FIN_11288,ACC_0156,60,Savings,2024-07-03,Deposit,Online Banking,583.0,Groceries,0,25871.31,25288.31,Jul,Wed
1289,TXN_FIN_11289,ACC_0100,40,Checking,2024-04-30,Payment,Mobile App,502.56,Utilities,0,48080.5,47577.94,Apr,Tue
1290,TXN_FIN_11290,ACC_0008,31,Checking,2024-01-12,Transfer,Branch,803.6,Entertainment,0,15605.9,14802.3,Jan,Fri
1291,TXN_FIN_11291,ACC_0041,40,Investment,2024-02-07,Payment,Mobile App,836.41,Travel,0,23577.96,22741.55,Feb,Wed
1292,TXN_FIN_11292,ACC_0130,63,Investment,2024-07-08,Deposit,Online Banking,936.31,Groceries,0,3627.28,2690.9700000000003,Jul,Mon
1293,TXN_FIN_11293,ACC_0178,73,Savings,2024-04-10,Deposit,ATM,739.52,Retail,0,14734.25,13994.73,Apr,Wed
1294,TXN_FIN_11294,ACC_0110,76,Checking,2024-11-15,Withdrawal,Mobile App,2379.08,Groceries,1,49504.81,47125.729999999996,Nov,Fri
1295,TXN_FIN_11295,ACC_0022,72,Savings,2024-07-10,Transfer,Online Banking,69.28,Groceries,0,17674.93,17605.65,Jul,Wed
1296,TXN_FIN_11296,ACC_0037,67,Savings,2024-01-19,Withdrawal,Mobile App,110.89,Entertainment,0,24153.85,24042.96,Jan,Fri
1297,TXN_FIN_11297,ACC_0178,40,Savings,2024-06-10,Deposit,Mobile App,170.5,Groceries,0,25210.23,25039.73,Jun,Mon
1298,TXN_FIN_11298,ACC_0148,23,Checking,2024-10-27,Withdrawal,Mobile App,154.57,Groceries,0,49841.44,49686.87,Oct,Sun
1299,TXN_FIN_11299,ACC_0131,41,Savings,2024-09-19,Deposit,Mobile App,894.74,Entertainment,0,158.76,-735.98,Sep,Thu
1300,TXN_FIN_11300,ACC_0129,67,Checking,2024-08-06,Withdrawal,Mobile App,183.93,Utilities,0,24097.42,23913.489999999998,Aug,Tue
1301,TXN_FIN_11301,ACC_0010,41,Checking,2024-05-25,Payment,Mobile App,1338.74,Groceries,0,722.99,-615.75,May,Sat
1302,TXN_FIN_11302,ACC_0073,64,Checking,2024-09-16,Payment,Mobile App,411.06,Utilities,0,43219.82,42808.76,Sep,Mon
1303,TXN_FIN_11303,ACC_0193,69,Checking,2024-03-10,Payment,Mobile App,412.13,Travel,0,38703.44,38291.310000000005,Mar,Sun
1304,TXN_FIN_11304,ACC_0143,54,Savings,2024-03-28,Deposit,Branch,34.74,Utilities,0,16327.32,16292.58,Mar,Thu
1305,TXN_FIN_11305,ACC_0093,27,Investment,2024-07-14,Deposit,Online Banking,117.62,Groceries,0,39140.9,39023.28,Jul,Sun
1306,TXN_FIN_11306,ACC_0025,47,Savings,2024-01-12,Deposit,Online Banking,787.08,Groceries,0,22290.39,21503.309999999998,Jan,Fri
1307,TXN_FIN_11307,ACC_0150,72,Checking,2024-12-31,Withdrawal,Online Banking,129.17,Retail,0,16081.92,15952.75,Dec,Tue
1308,TXN_FIN_11308,ACC_0132,48,Checking,2024-09-24,Withdrawal,Online Banking,641.48,Entertainment,0,18546.2,17904.72,Sep,Tue
1309,TXN_FIN_11309,ACC_0034,59,Savings,2024-07-10,Withdrawal,Mobile App,248.08,Retail,0,32652.45,32404.37,Jul,Wed
1310,TXN_FIN_11310,ACC_0130,71,Checking,2024-09-12,Deposit,Online Banking,848.88,Groceries,0,30404.81,29555.93,Sep,Thu
1311,TXN_FIN_11311,ACC_0133,50,Investment,2024-02-25,Deposit,ATM,368.0,unknown,0,31212.6,30844.6,Feb,Sun
1312,TXN_FIN_11312,ACC_0019,63,Credit Card,2024-12-31,Deposit,ATM,164.39,Retail,0,7624.22,7459.83,Dec,Tue
1313,TXN_FIN_11313,ACC_0108,19,Savings,2024-09-19,Deposit,Mobile App,162.97,Entertainment,0,49887.03,49724.06,Sep,Thu
1314,TXN_FIN_11314,ACC_0167,36,Checking,2024-12-07,Deposit,Mobile App,304.94,Groceries,0,20222.03,19917.09,Dec,Sat
1315,TXN_FIN_11315,ACC_0192,24,Investment,2024-10-24,Payment,Branch,159.08,Entertainment,0,28912.95,28753.87,Oct,Thu
1316,TXN_FIN_11316,ACC_0121,50,Savings,2024-12-22,unknown,Mobile App,2579.31,Groceries,0,47227.08,44647.770000000004,Dec,Sun
1317,TXN_FIN_11317,ACC_0013,79,Checking,2024-12-31,Withdrawal,Mobile App,197.67,Entertainment,0,48631.22,48433.55,Dec,Tue
1318,TXN_FIN_11318,ACC_0157,55,Checking,2024-10-03,Deposit,Mobile App,76.63,Utilities,0,28742.14,28665.51,Oct,Thu
1319,TXN_FIN_11319,ACC_0193,30,Checking,2024-07-01,Deposit,Mobile App,144.58,Utilities,0,29132.7,28988.12,Jul,Mon
1320,TXN_FIN_11320,ACC_0146,30,Checking,2024-08-26,Withdrawal,Online Banking,111.26,Utilities,0,4347.12,4235.86,Aug,Mon
1321,TXN_FIN_11321,ACC_0023,19,Checking,2024-03-25,Transfer,Mobile App,306.24,Entertainment,0,25579.5,25273.26,Mar,Mon
1322,TXN_FIN_11322,ACC_0108,29,Investment,2024-05-06,Transfer,Mobile App,56.58,Travel,0,36471.8,36415.22,May,Mon
1323,TXN_FIN_11323,ACC_0114,67,Checking,2024-02-26,Transfer,ATM,226.79,Entertainment,0,28298.75,28071.96,Feb,Mon
1324,TXN_FIN_11324,ACC_0057,65,Checking,2024-10-31,Payment,Mobile App,1351.86,Retail,0,3553.22,2201.3599999999997,Oct,Thu
1325,TXN_FIN_11325,ACC_0058,33,Investment,2024-10-14,Withdrawal,Mobile App,290.28,Entertainment,0,34861.91,34571.630000000005,Oct,Mon
1326,TXN_FIN_11326,ACC_0016,42,Savings,2024-10-07,Withdrawal,ATM,162.23,Entertainment,0,29906.37,29744.14,Oct,Mon
1327,TXN_FIN_11327,ACC_0027,21,Checking,2024-08-06,Deposit,Online Banking,547.86,Retail,0,12302.11,11754.25,Aug,Tue
1328,TXN_FIN_11328,ACC_0152,48,Savings,2024-07-26,Deposit,Online Banking,157.34,Travel,0,875.93,718.5899999999999,Jul,Fri
1329,TXN_FIN_11329,ACC_0160,37,Checking,2024-02-12,Deposit,ATM,88.59,Entertainment,0,11680.28,11591.69,Feb,Mon
1330,TXN_FIN_11330,ACC_0111,35,Credit Card,2024-04-14,Transfer,Mobile App,144.89,Retail,0,19646.03,19501.14,Apr,Sun
1331,TXN_FIN_11331,ACC_0138,78,Credit Card,2024-08-16,Payment,Branch,697.32,Entertainment,0,42197.91,41500.590000000004,Aug,Fri
1332,TXN_FIN_11332,ACC_0008,49,Checking,2024-03-06,Transfer,ATM,761.41,Retail,1,8570.87,7809.460000000001,Mar,Wed
1333,TXN_FIN_11333,ACC_0007,53,Checking,2024-04-11,unknown,Mobile App,132.06,Groceries,0,27901.89,27769.829999999998,Apr,Thu
1334,TXN_FIN_11334,ACC_0199,56,Checking,2024-12-15,Deposit,Online Banking,1778.65,Travel,0,33319.57,31540.92,Dec,Sun
1335,TXN_FIN_11335,ACC_0144,20,Savings,2024-06-15,Deposit,Mobile App,1010.54,Entertainment,0,6043.14,5032.6,Jun,Sat
1336,TXN_FIN_11336,ACC_0134,43,Checking,2024-12-23,Withdrawal,ATM,972.82,Travel,0,24098.37,23125.55,Dec,Mon
1337,TXN_FIN_11337,ACC_0147,49,Checking,2024-02-20,Withdrawal,Online Banking,76.12,Utilities,0,49566.75,49490.63,Feb,Tue
1338,TXN_FIN_11338,ACC_0150,50,Checking,2024-11-06,Transfer,Mobile App,834.46,Groceries,0,44376.07,43541.61,Nov,Wed
1339,TXN_FIN_11339,ACC_0166,56,Checking,2024-09-30,Withdrawal,ATM,475.88,Utilities,0,31123.38,30647.5,Sep,Mon
1340,TXN_FIN_11340,ACC_0057,44,Checking,2024-05-05,Deposit,Mobile App,53.79,Travel,0,20040.58,19986.79,May,Sun
1341,TXN_FIN_11341,ACC_0011,73,Checking,2024-10-05,Payment,ATM,1120.0,Travel,0,6436.91,5316.91,Oct,Sat
1342,TXN_FIN_11342,ACC_0023,27,Checking,2024-01-30,Withdrawal,ATM,443.04,Groceries,0,15621.84,15178.8,Jan,Tue
1343,TXN_FIN_11343,ACC_0176,51,Investment,2024-02-09,Transfer,Branch,472.33,Entertainment,0,36520.12,36047.79,Feb,Fri
1344,TXN_FIN_11344,ACC_0063,40,Credit Card,2024-07-30,Transfer,Mobile App,396.05,Groceries,0,28427.12,28031.07,Jul,Tue
1345,TXN_FIN_11345,ACC_0094,39,Savings,2024-10-22,Deposit,Online Banking,893.18,Utilities,0,9920.36,9027.18,Oct,Tue
1346,TXN_FIN_11346,ACC_0133,41,Savings,2024-05-13,Transfer,Online Banking,366.48,Utilities,0,48790.84,48424.35999999999,May,Mon
1347,TXN_FIN_11347,ACC_0070,31,Credit Card,2024-06-26,Transfer,Mobile App,153.37,unknown,0,1392.96,1239.5900000000001,Jun,Wed
1348,TXN_FIN_11348,ACC_0002,51,Checking,2024-11-26,Payment,Mobile App,184.83,Groceries,0,5305.05,5120.22,Nov,Tue
1349,TXN_FIN_11349,ACC_0039,26,Savings,2024-04-13,Withdrawal,Mobile App,604.02,Utilities,0,17676.93,17072.91,Apr,Sat
1350,TXN_FIN_11350,ACC_0041,42,Investment,2024-01-13,Payment,Online Banking,199.55,Groceries,0,21094.72,20895.170000000002,Jan,Sat
1351,TXN_FIN_11351,ACC_0075,65,Checking,2024-09-28,Transfer,Mobile App,391.65,Groceries,0,25416.84,25025.19,Sep,Sat
1352,TXN_FIN_11352,ACC_0186,25,Credit Card,2024-10-29,Transfer,Mobile App,1026.61,Utilities,1,18634.85,17608.239999999998,Oct,Tue
1353,TXN_FIN_11353,ACC_0149,18,Investment,2024-11-04,Withdrawal,Mobile App,557.71,Groceries,0,45934.5,45376.79,Nov,Mon
1354,TXN_FIN_11354,ACC_0109,38,Checking,2024-05-18,Payment,Online Banking,918.22,Utilities,0,40849.16,39930.94,May,Sat
1355,TXN_FIN_11355,ACC_0109,33,Savings,2024-07-18,Withdrawal,Online Banking,17.41,Utilities,0,17306.32,17288.91,Jul,Thu
1356,TXN_FIN_11356,ACC_0173,53,Savings,2024-10-10,Transfer,Mobile App,311.07,Entertainment,0,39893.74,39582.67,Oct,Thu
1357,TXN_FIN_11357,ACC_0020,79,Savings,2024-11-22,Withdrawal,Mobile App,243.03,Travel,0,11945.16,11702.13,Nov,Fri
1358,TXN_FIN_11358,ACC_0107,58,Savings,2024-12-20,Deposit,Online Banking,386.68,Utilities,0,7618.57,7231.889999999999,Dec,Fri
1359,TXN_FIN_11359,ACC_0168,21,Checking,2024-12-30,Withdrawal,Online Banking,192.73,Utilities,0,34138.77,33946.03999999999,Dec,Mon
1360,TXN_FIN_11360,ACC_0005,62,Savings,2024-10-20,Withdrawal,Mobile App,2348.82,Utilities,0,30597.32,28248.5,Oct,Sun
1361,TXN_FIN_11361,ACC_0045,29,Investment,2024-01-18,Transfer,ATM,178.63,Retail,0,8435.8,8257.17,Jan,Thu
1362,TXN_FIN_11362,ACC_0044,79,Checking,2024-08-30,Withdrawal,Online Banking,37.09,Utilities,0,26223.37,26186.28,Aug,Fri
1363,TXN_FIN_11363,ACC_0122,47,Credit Card,2024-08-29,Payment,Mobile App,46.8,Utilities,0,37599.46,37552.659999999996,Aug,Thu
1364,TXN_FIN_11364,ACC_0042,70,Checking,2024-09-03,Transfer,ATM,1295.4,Travel,0,42480.97,41185.57,Sep,Tue
1365,TXN_FIN_11365,ACC_0064,79,Savings,2024-10-13,Transfer,Online Banking,918.89,Groceries,0,19805.55,18886.66,Oct,Sun
1366,TXN_FIN_11366,ACC_0062,46,Savings,2024-02-15,Deposit,Branch,49.99,Groceries,0,48829.1,48779.11,Feb,Thu
1367,TXN_FIN_11367,ACC_0081,29,Credit Card,2024-03-18,Transfer,Online Banking,721.56,Entertainment,0,41579.69,40858.130000000005,Mar,Mon
1368,TXN_FIN_11368,ACC_0094,50,Checking,2024-02-14,Withdrawal,Online Banking,330.74,Travel,0,10468.41,10137.67,Feb,Wed
1369,TXN_FIN_11369,ACC_0060,41,Savings,2024-07-04,Payment,Online Banking,188.21,Groceries,0,3992.62,3804.41,Jul,Thu
1370,TXN_FIN_11370,ACC_0114,52,Investment,2024-06-26,Payment,ATM,576.75,Travel,0,21111.56,20534.81,Jun,Wed
1371,TXN_FIN_11371,ACC_0070,39,Checking,2024-08-21,Deposit,Mobile App,150.24,Travel,0,27649.11,27498.87,Aug,Wed
1372,TXN_FIN_11372,ACC_0007,40,Savings,2024-04-30,unknown,Mobile App,1844.6,Retail,0,3626.9,1782.3000000000002,Apr,Tue
1373,TXN_FIN_11373,ACC_0049,39,Investment,2024-06-06,Deposit,Online Banking,613.94,Groceries,0,49053.51,48439.57,Jun,Thu
1374,TXN_FIN_11374,ACC_0144,37,Checking,2024-10-03,Withdrawal,Mobile App,647.52,Travel,0,43014.36,42366.840000000004,Oct,Thu
1375,TXN_FIN_11375,ACC_0121,69,Savings,2024-10-25,Deposit,Online Banking,1172.93,Groceries,0,15268.3,14095.369999999999,Oct,Fri
1376,TXN_FIN_11376,ACC_0094,30,Savings,2024-08-31,Deposit,Mobile App,577.79,Travel,0,38593.85,38016.06,Aug,Sat
1377,TXN_FIN_11377,ACC_0114,55,Checking,2024-08-31,Deposit,Mobile App,1130.61,Utilities,0,28273.82,27143.21,Aug,Sat
1378,TXN_FIN_11378,ACC_0029,72,Savings,2024-08-21,Transfer,Mobile App,204.18,Entertainment,0,19549.99,19345.81,Aug,Wed
1379,TXN_FIN_11379,ACC_0116,49,Savings,2024-02-20,Deposit,Online Banking,282.87,Utilities,0,48102.31,47819.439999999995,Feb,Tue
1380,TXN_FIN_11380,ACC_0176,24,Checking,2024-05-31,Deposit,Online Banking,755.27,Utilities,0,34447.3,33692.030000000006,May,Fri
1381,TXN_FIN_11381,ACC_0011,30,Savings,2024-12-31,Deposit,Mobile App,336.65,Travel,0,47532.5,47195.85,Dec,Tue
1382,TXN_FIN_11382,ACC_0010,24,Savings,2024-03-11,Deposit,ATM,376.85,Entertainment,0,15967.16,15590.31,Mar,Mon
1383,TXN_FIN_11383,ACC_0046,24,Savings,2024-11-15,Deposit,Online Banking,7.87,Entertainment,0,24951.53,24943.66,Nov,Fri
1384,TXN_FIN_11384,ACC_0072,62,Checking,2024-12-04,Deposit,Mobile App,404.73,Utilities,0,8089.49,7684.76,Dec,Wed
1385,TXN_FIN_11385,ACC_0037,47,Savings,2024-12-13,Withdrawal,Online Banking,200.61,Groceries,0,39856.55,39655.94,Dec,Fri
1386,TXN_FIN_11386,ACC_0151,46,Checking,2024-09-11,Transfer,Mobile App,272.88,Travel,0,25843.17,25570.289999999997,Sep,Wed
1387,TXN_FIN_11387,ACC_0116,79,Savings,2024-05-11,Deposit,Mobile App,40.59,Travel,0,42532.4,42491.810000000005,May,Sat
1388,TXN_FIN_11388,ACC_0059,71,Savings,2024-07-16,Deposit,Mobile App,15.18,unknown,0,37197.9,37182.72,Jul,Tue
1389,TXN_FIN_11389,ACC_0070,48,Checking,2024-02-02,Deposit,Mobile App,327.83,unknown,0,7731.99,7404.16,Feb,Fri
1390,TXN_FIN_11390,ACC_0038,52,Checking,2024-05-06,Withdrawal,Mobile App,963.63,Groceries,0,13198.27,12234.640000000001,May,Mon
1391,TXN_FIN_11391,ACC_0012,46,Investment,2024-08-06,Transfer,ATM,175.18,Entertainment,0,13838.75,13663.57,Aug,Tue
1392,TXN_FIN_11392,ACC_0063,65,Investment,2024-01-27,Withdrawal,Mobile App,2028.64,Entertainment,0,15017.4,12988.76,Jan,Sat
1393,TXN_FIN_11393,ACC_0136,56,Investment,2024-04-19,Withdrawal,Mobile App,384.62,Utilities,0,49499.97,49115.35,Apr,Fri
1394,TXN_FIN_11394,ACC_0146,69,Savings,2024-01-01,Transfer,Mobile App,147.09,unknown,0,24302.26,24155.17,Jan,Mon
1395,TXN_FIN_11395,ACC_0171,35,Credit Card,2024-05-22,Withdrawal,ATM,86.16,Retail,0,11318.2,11232.04,May,Wed
1396,TXN_FIN_11396,ACC_0020,58,Credit Card,2024-10-18,Withdrawal,Mobile App,251.86,Retail,0,45310.69,45058.83,Oct,Fri
1397,TXN_FIN_11397,ACC_0140,73,Investment,2024-02-13,Withdrawal,Online Banking,301.63,Retail,0,17856.7,17555.07,Feb,Tue
1398,TXN_FIN_11398,ACC_0190,76,Checking,2024-11-27,Deposit,ATM,205.19,Travel,0,33946.31,33741.119999999995,Nov,Wed
1399,TXN_FIN_11399,ACC_0087,64,Checking,2024-03-15,Withdrawal,Mobile App,181.56,Utilities,0,32526.74,32345.18,Mar,Fri
1400,TXN_FIN_11400,ACC_0002,39,Checking,2024-06-25,Payment,Mobile App,835.88,unknown,0,3439.21,2603.33,Jun,Tue
1401,TXN_FIN_11401,ACC_0024,25,Credit Card,2024-06-25,Payment,Mobile App,45.25,Groceries,0,47046.25,47001.0,Jun,Tue
1402,TXN_FIN_11402,ACC_0171,39,Credit Card,2024-10-25,Transfer,Mobile App,66.41,Entertainment,0,17869.25,17802.84,Oct,Fri
1403,TXN_FIN_11403,ACC_0149,18,Savings,2024-04-04,Deposit,Mobile App,686.18,Entertainment,0,7345.3,6659.12,Apr,Thu
1404,TXN_FIN_11404,ACC_0015,39,Checking,2024-04-07,Deposit,Branch,408.31,Groceries,0,33260.57,32852.26,Apr,Sun
1405,TXN_FIN_11405,ACC_0022,19,Checking,2024-04-15,Withdrawal,Mobile App,9.59,Entertainment,0,405.16,395.57000000000005,Apr,Mon
1406,TXN_FIN_11406,ACC_0170,77,Savings,2024-11-19,Deposit,Online Banking,235.32,Retail,0,36298.33,36063.01,Nov,Tue
1407,TXN_FIN_11407,ACC_0152,68,Checking,2024-10-06,Transfer,ATM,150.04,Retail,0,46615.05,46465.01,Oct,Sun
1408,TXN_FIN_11408,ACC_0132,79,Savings,2024-07-13,Deposit,Mobile App,1667.87,Travel,0,12489.02,10821.150000000001,Jul,Sat
1409,TXN_FIN_11409,ACC_0108,33,Savings,2024-12-09,Withdrawal,Online Banking,1123.45,Retail,0,24282.54,23159.09,Dec,Mon
1410,TXN_FIN_11410,ACC_0031,32,Savings,2024-04-26,Transfer,ATM,499.0,Utilities,0,49347.47,48848.47,Apr,Fri
1411,TXN_FIN_11411,ACC_0159,43,Savings,2024-09-25,Withdrawal,Mobile App,18.49,Groceries,0,35140.04,35121.55,Sep,Wed
1412,TXN_FIN_11412,ACC_0125,77,Savings,2024-04-26,Deposit,Online Banking,113.3,Retail,0,40359.94,40246.64,Apr,Fri
1413,TXN_FIN_11413,ACC_0084,33,Credit Card,2024-05-29,Deposit,Branch,267.03,Utilities,0,14059.01,13791.98,May,Wed
1414,TXN_FIN_11414,ACC_0026,73,Credit Card,2024-01-27,Deposit,ATM,130.5,Retail,0,7140.36,7009.86,Jan,Sat
1415,TXN_FIN_11415,ACC_0016,74,Checking,2024-06-07,Withdrawal,Branch,565.1,Travel,0,49052.88,48487.78,Jun,Fri
1416,TXN_FIN_11416,ACC_0058,32,Checking,2024-02-25,unknown,Online Banking,808.73,Utilities,0,41203.44,40394.71,Feb,Sun
1417,TXN_FIN_11417,ACC_0171,66,Checking,2024-12-14,Withdrawal,Online Banking,144.07,Utilities,0,19772.27,19628.2,Dec,Sat
1418,TXN_FIN_11418,ACC_0178,70,Checking,2024-03-25,Deposit,Online Banking,27.08,Entertainment,0,3315.64,3288.56,Mar,Mon
1419,TXN_FIN_11419,ACC_0061,72,Savings,2024-10-28,Payment,Mobile App,854.42,Travel,0,1886.09,1031.67,Oct,Mon
1420,TXN_FIN_11420,ACC_0141,68,Savings,2024-04-30,Deposit,Branch,20.55,Travel,0,4217.46,4196.91,Apr,Tue
1421,TXN_FIN_11421,ACC_0058,29,Checking,2024-01-23,Withdrawal,Online Banking,147.48,Travel,0,10548.48,10401.0,Jan,Tue
1422,TXN_FIN_11422,ACC_0140,54,Savings,2024-10-05,Deposit,Mobile App,453.93,Utilities,0,22119.12,21665.19,Oct,Sat
1423,TXN_FIN_11423,ACC_0047,44,Savings,2024-04-28,Deposit,Online Banking,553.17,Groceries,0,46088.98,45535.810000000005,Apr,Sun
1424,TXN_FIN_11424,ACC_0070,18,Savings,2024-03-28,Payment,ATM,719.47,Utilities,0,39244.99,38525.52,Mar,Thu
1425,TXN_FIN_11425,ACC_0104,69,Savings,2024-07-01,Deposit,Mobile App,394.94,Utilities,0,11490.75,11095.81,Jul,Mon
1426,TXN_FIN_11426,ACC_0011,51,Credit Card,2024-12-15,Deposit,Online Banking,1129.18,Groceries,0,17378.52,16249.34,Dec,Sun
1427,TXN_FIN_11427,ACC_0089,58,Savings,2024-10-10,Payment,Mobile App,1594.22,Entertainment,0,48573.51,46979.29,Oct,Thu
1428,TXN_FIN_11428,ACC_0103,68,Savings,2024-07-05,Transfer,Online Banking,1028.76,Groceries,0,8321.19,7292.43,Jul,Fri
1429,TXN_FIN_11429,ACC_0001,70,Checking,2024-10-29,unknown,Mobile App,1469.3,Groceries,0,22992.1,21522.8,Oct,Tue
1430,TXN_FIN_11430,ACC_0097,28,Credit Card,2024-09-01,Deposit,Branch,262.62,Travel,0,33231.99,32969.369999999995,Sep,Sun
1431,TXN_FIN_11431,ACC_0132,47,Credit Card,2024-05-11,Transfer,Online Banking,116.01,Travel,0,16337.48,16221.47,May,Sat
1432,TXN_FIN_11432,ACC_0113,45,Savings,2024-05-30,Withdrawal,Mobile App,876.92,Travel,0,14459.36,13582.44,May,Thu
1433,TXN_FIN_11433,ACC_0104,30,Savings,2024-03-10,Payment,Mobile App,56.67,Retail,0,20538.85,20482.18,Mar,Sun
1434,TXN_FIN_11434,ACC_0083,67,Savings,2024-07-29,Withdrawal,Mobile App,606.32,Groceries,0,506.26,-100.06000000000006,Jul,Mon
1435,TXN_FIN_11435,ACC_0180,48,Savings,2024-02-14,Transfer,Mobile App,67.22,Groceries,0,35355.19,35287.97,Feb,Wed
1436,TXN_FIN_11436,ACC_0072,59,Savings,2024-04-05,Withdrawal,Mobile App,661.71,Groceries,0,5948.68,5286.97,Apr,Fri
1437,TXN_FIN_11437,ACC_0132,43,Savings,2024-10-19,Deposit,Mobile App,262.36,Groceries,0,37530.91,37268.55,Oct,Sat
1438,TXN_FIN_11438,ACC_0020,75,Savings,2024-11-24,Withdrawal,ATM,927.75,Travel,0,19242.06,18314.31,Nov,Sun
1439,TXN_FIN_11439,ACC_0054,75,Investment,2024-06-28,Transfer,Mobile App,117.49,Travel,0,49147.75,49030.26,Jun,Fri
1440,TXN_FIN_11440,ACC_0159,78,Checking,2024-01-02,Deposit,Mobile App,328.77,Travel,0,27343.95,27015.18,Jan,Tue
1441,TXN_FIN_11441,ACC_0104,52,Savings,2024-06-11,Transfer,Mobile App,42.29,Entertainment,0,31935.07,31892.78,Jun,Tue
1442,TXN_FIN_11442,ACC_0163,65,Savings,2024-08-26,Deposit,Online Banking,290.41,Groceries,0,19580.25,19289.84,Aug,Mon
1443,TXN_FIN_11443,ACC_0056,61,Savings,2024-02-14,Withdrawal,Online Banking,62.56,Utilities,0,17813.63,17751.07,Feb,Wed
1444,TXN_FIN_11444,ACC_0179,54,Checking,2024-02-12,Payment,Online Banking,390.02,Utilities,0,29587.45,29197.43,Feb,Mon
1445,TXN_FIN_11445,ACC_0047,25,Savings,2024-03-07,Payment,Mobile App,965.47,Entertainment,0,47806.51,46841.04,Mar,Thu
1446,TXN_FIN_11446,ACC_0113,30,Savings,2024-06-05,Payment,Mobile App,276.9,Groceries,0,36317.27,36040.369999999995,Jun,Wed
1447,TXN_FIN_11447,ACC_0096,62,Savings,2024-01-16,Transfer,ATM,355.5,Utilities,0,8519.24,8163.74,Jan,Tue
1448,TXN_FIN_11448,ACC_0083,69,Credit Card,2024-05-01,Withdrawal,ATM,5.39,Travel,0,26447.54,26442.15,May,Wed
1449,TXN_FIN_11449,ACC_0150,79,Checking,2024-01-23,Withdrawal,ATM,173.91,Groceries,0,14250.71,14076.8,Jan,Tue
1450,TXN_FIN_11450,ACC_0053,28,Checking,2024-10-04,Deposit,Mobile App,888.89,Utilities,0,11375.0,10486.11,Oct,Fri
1451,TXN_FIN_11451,ACC_0077,18,Checking,2024-04-26,Deposit,Mobile App,241.66,Groceries,0,41236.7,40995.03999999999,Apr,Fri
1452,TXN_FIN_11452,ACC_0030,34,Savings,2024-02-18,Payment,Mobile App,1186.08,Retail,0,6911.88,5725.8,Feb,Sun
1453,TXN_FIN_11453,ACC_0014,39,Savings,2024-03-27,Withdrawal,ATM,41.57,Travel,0,29019.9,28978.33,Mar,Wed
1454,TXN_FIN_11454,ACC_0063,54,Savings,2024-10-07,Withdrawal,ATM,2056.86,Groceries,0,39536.46,37479.6,Oct,Mon
1455,TXN_FIN_11455,ACC_0067,68,Checking,2024-05-25,Deposit,Online Banking,980.59,Travel,0,4791.62,3811.0299999999997,May,Sat
1456,TXN_FIN_11456,ACC_0028,52,Checking,2024-05-23,Payment,Online Banking,376.92,unknown,0,7484.77,7107.85,May,Thu
1457,TXN_FIN_11457,ACC_0193,31,Checking,2024-10-26,Transfer,Mobile App,17.88,Groceries,0,12376.37,12358.490000000002,Oct,Sat
1458,TXN_FIN_11458,ACC_0171,44,Checking,2024-05-20,Transfer,Mobile App,328.44,Utilities,0,37872.69,37544.25,May,Mon
1459,TXN_FIN_11459,ACC_0013,25,Credit Card,2024-03-18,Withdrawal,Mobile App,1953.56,Groceries,0,9941.45,7987.890000000001,Mar,Mon
1460,TXN_FIN_11460,ACC_0012,26,Checking,2024-10-09,unknown,Mobile App,90.44,Groceries,0,24961.67,24871.23,Oct,Wed
1461,TXN_FIN_11461,ACC_0136,51,Savings,2024-09-17,Transfer,Mobile App,158.09,Entertainment,0,6322.97,6164.88,Sep,Tue
1462,TXN_FIN_11462,ACC_0111,27,Checking,2024-08-02,Withdrawal,Mobile App,219.05,Retail,0,17909.44,17690.39,Aug,Fri
1463,TXN_FIN_11463,ACC_0173,63,Checking,2024-04-19,Transfer,Mobile App,912.69,Utilities,0,10051.02,9138.33,Apr,Fri
1464,TXN_FIN_11464,ACC_0075,77,Savings,2024-03-26,Payment,ATM,106.87,Entertainment,0,35090.17,34983.299999999996,Mar,Tue
1465,TXN_FIN_11465,ACC_0176,26,Investment,2024-12-18,Transfer,Online Banking,261.59,Travel,1,12081.28,11819.69,Dec,Wed
1466,TXN_FIN_11466,ACC_0136,62,Checking,2024-04-24,Transfer,Mobile App,165.83,Entertainment,0,17777.5,17611.67,Apr,Wed
1467,TXN_FIN_11467,ACC_0136,21,Investment,2024-09-24,Deposit,Mobile App,759.3,Entertainment,0,44409.41,43650.11,Sep,Tue
1468,TXN_FIN_11468,ACC_0047,73,Checking,2024-09-21,Withdrawal,Online Banking,115.83,Utilities,0,31880.65,31764.82,Sep,Sat
1469,TXN_FIN_11469,ACC_0008,48,Savings,2024-02-23,Transfer,Online Banking,148.74,Retail,0,16916.71,16767.969999999998,Feb,Fri
1470,TXN_FIN_11470,ACC_0135,49,Checking,2024-07-24,Payment,Online Banking,511.05,Utilities,0,27506.48,26995.43,Jul,Wed
1471,TXN_FIN_11471,ACC_0119,51,Savings,2024-01-10,Transfer,Online Banking,22.65,Groceries,0,13408.1,13385.45,Jan,Wed
1472,TXN_FIN_11472,ACC_0185,53,Checking,2024-01-08,Deposit,Mobile App,533.53,Groceries,0,23890.49,23356.960000000003,Jan,Mon
1473,TXN_FIN_11473,ACC_0140,21,Savings,2024-03-18,Withdrawal,Branch,122.55,Groceries,0,44176.66,44054.11,Mar,Mon
1474,TXN_FIN_11474,ACC_0122,55,Savings,2024-11-22,Deposit,Mobile App,575.12,Travel,0,39043.97,38468.85,Nov,Fri
1475,TXN_FIN_11475,ACC_0106,27,Savings,2024-09-07,Transfer,Online Banking,137.14,Groceries,0,31937.15,31800.010000000002,Sep,Sat
1476,TXN_FIN_11476,ACC_0009,40,Checking,2024-07-23,Deposit,Branch,861.34,Entertainment,0,14141.56,13280.22,Jul,Tue
1477,TXN_FIN_11477,ACC_0108,54,Credit Card,2024-07-03,Withdrawal,Branch,646.46,Travel,0,32478.66,31832.2,Jul,Wed
1478,TXN_FIN_11478,ACC_0182,52,Savings,2024-11-22,unknown,Branch,571.45,Groceries,0,2345.22,1773.7699999999998,Nov,Fri
1479,TXN_FIN_11479,ACC_0010,31,Savings,2024-09-02,Transfer,Mobile App,135.9,Entertainment,0,36860.81,36724.909999999996,Sep,Mon
1480,TXN_FIN_11480,ACC_0142,40,Checking,2024-05-20,Deposit,Branch,3255.97,Groceries,0,45411.02,42155.049999999996,May,Mon
1481,TXN_FIN_11481,ACC_0021,32,Investment,2024-04-18,Transfer,Mobile App,220.51,Entertainment,0,12044.11,11823.6,Apr,Thu
1482,TXN_FIN_11482,ACC_0074,47,Checking,2024-04-19,Withdrawal,Mobile App,24.37,Travel,0,28832.94,28808.57,Apr,Fri
1483,TXN_FIN_11483,ACC_0174,67,Checking,2024-04-02,Transfer,Online Banking,225.28,Travel,0,21332.13,21106.850000000002,Apr,Tue
1484,TXN_FIN_11484,ACC_0085,19,Savings,2024-12-11,Transfer,Online Banking,765.08,Travel,0,2689.09,1924.0100000000002,Dec,Wed
1485,TXN_FIN_11485,ACC_0003,53,Credit Card,2024-01-14,Deposit,Online Banking,704.36,unknown,0,7166.9,6462.54,Jan,Sun
1486,TXN_FIN_11486,ACC_0035,48,Checking,2024-04-13,Deposit,Online Banking,1047.68,Retail,0,28026.92,26979.239999999998,Apr,Sat
1487,TXN_FIN_11487,ACC_0143,59,Checking,2024-05-10,Withdrawal,Mobile App,158.1,Travel,0,38606.09,38447.99,May,Fri
1488,TXN_FIN_11488,ACC_0051,24,Investment,2024-05-19,Withdrawal,Mobile App,22.03,Groceries,0,7717.07,7695.04,May,Sun
1489,TXN_FIN_11489,ACC_0065,35,Checking,2024-01-13,Deposit,ATM,652.76,Entertainment,0,10673.83,10021.07,Jan,Sat
1490,TXN_FIN_11490,ACC_0151,70,Checking,2024-08-01,Withdrawal,Online Banking,1540.83,Groceries,0,14517.01,12976.18,Aug,Thu
1491,TXN_FIN_11491,ACC_0035,73,Checking,2024-01-28,Withdrawal,Mobile App,60.63,Retail,0,21733.88,21673.25,Jan,Sun
1492,TXN_FIN_11492,ACC_0137,33,Investment,2024-08-14,Transfer,Mobile App,2219.8,Travel,0,42404.74,40184.939999999995,Aug,Wed
1493,TXN_FIN_11493,ACC_0092,18,Checking,2024-09-06,Deposit,ATM,743.86,Groceries,0,16737.77,15993.91,Sep,Fri
1494,TXN_FIN_11494,ACC_0172,23,Credit Card,2024-05-25,Deposit,Mobile App,61.53,Groceries,0,5110.25,5048.72,May,Sat
1495,TXN_FIN_11495,ACC_0038,68,Checking,2024-12-24,Payment,Online Banking,557.69,Entertainment,0,47714.65,47156.96,Dec,Tue
1496,TXN_FIN_11496,ACC_0119,56,Credit Card,2024-11-05,Payment,Online Banking,230.16,Groceries,0,2167.28,1937.1200000000001,Nov,Tue
1497,TXN_FIN_11497,ACC_0160,46,Savings,2024-12-22,Payment,Mobile App,801.84,Travel,0,29646.94,28845.1,Dec,Sun
1498,TXN_FIN_11498,ACC_0076,39,Savings,2024-10-14,Payment,ATM,55.91,Entertainment,0,15156.76,15100.85,Oct,Mon
1499,TXN_FIN_11499,ACC_0023,78,Savings,2024-12-26,Payment,Online Banking,8.8,Utilities,0,49264.64,49255.84,Dec,Thu
